roll_no,student_name,department,semester,avg_attendance,avg_marks,total_subjects,total_fee,amount_paid,pending_amount,payment_status,company,package_lpa,placement_status
CSE24001,Arunima Raval,CSE,4,71.8,43.6,5,75000,75000,0,Paid,N/A,0.0,Not Placed
CSE24002,Fiyaz Chahal,CSE,6,71.0,63.0,5,75000,42232,32768,Partial,N/A,0.0,Not Placed
ME24003,Laksh Kota,ME,4,75.2,78.8,5,75000,20102,54898,Partial,N/A,0.0,Not Placed
IT24004,Urishilla Basak,IT,2,67.6,40.2,5,75000,75000,0,Paid,N/A,0.0,Not Placed
AI24005,Zayyan Mitra,AI,6,61.4,76.2,5,75000,0,75000,Pending,N/A,0.0,Not Placed
CE24006,Jyoti Sheth,CE,1,59.6,10.6,5,75000,75000,0,Paid,N/A,0.0,Not Placed
CE24007,Farhan Buch,CE,1,54.2,75.6,5,75000,0,75000,Pending,N/A,0.0,Not Placed
IT24008,Balhaar Grewal,IT,1,76.4,43.4,5,75000,75000,0,Paid,N/A,0.0,Not Placed
ME24009,Fiyaz Basak,ME,4,77.0,92.8,5,75000,75000,0,Paid,N/A,0.0,Not Placed
AI24010,Bachittar Chawla,AI,7,79.8,42.4,5,75000,75000,0,Paid,N/A,0.0,Not Placed
AI24011,Finn Ramaswamy,AI,8,86.4,73.8,5,75000,0,75000,Pending,Cognizant,8.85,Placed
CSE24012,Radhika Khurana,CSE,7,63.8,39.0,5,75000,75000,0,Paid,N/A,0.0,Not Placed
ME24013,Ishita Sane,ME,6,70.0,43.8,5,75000,75000,0,Paid,N/A,0.0,Not Placed
AI24014,Madhavi Srinivas,AI,4,51.4,94.8,5,75000,44461,30539,Partial,N/A,0.0,Not Placed
CE24015,Damini Dayal,CE,4,54.0,91.6,5,75000,75000,0,Paid,N/A,0.0,Not Placed
CE24016,Rachit Tripathi,CE,4,68.0,94.4,5,75000,57283,17717,Partial,N/A,0.0,Not Placed
ME24017,Sudiksha Mandal,ME,2,70.0,43.2,5,75000,42930,32070,Partial,N/A,0.0,Not Placed
ME24018,Theodore Sant,ME,3,83.6,76.8,5,75000,75000,0,Paid,N/A,0.0,Not Placed
IT24019,Krishna Bhalla,IT,3,57.2,41.4,5,75000,0,75000,Pending,N/A,0.0,Not Placed
CSE24020,Fiyaz Vyas,CSE,1,68.4,39.2,5,75000,54767,20233,Partial,N/A,0.0,Not Placed
ME24021,Christopher Kari,ME,7,68.2,38.4,5,75000,75000,0,Paid,N/A,0.0,Not Placed
CSE24022,Meera Palla,CSE,8,55.4,15.2,5,75000,75000,0,Paid,N/A,0.0,Not Placed
IT24023,Mitali Rattan,IT,1,59.0,79.6,5,75000,0,75000,Pending,N/A,0.0,Not Placed
ME24024,Advika Mangal,ME,1,72.8,62.6,5,75000,0,75000,Pending,N/A,0.0,Not Placed
ME24025,Tanmayi Bail,ME,5,68.0,42.2,5,75000,0,75000,Pending,N/A,0.0,Not Placed
IT24026,Fiyaz Comar,IT,5,76.4,18.2,5,75000,75000,0,Paid,N/A,0.0,Not Placed
IT24027,Forum Walla,IT,4,73.0,73.0,5,75000,75000,0,Paid,N/A,0.0,Not Placed
IT24028,Falguni Kalita,IT,3,83.0,47.2,5,75000,68659,6341,Partial,N/A,0.0,Not Placed
CE24029,Saksham Buch,CE,8,60.6,79.6,5,75000,0,75000,Pending,Microsoft,3.64,Placed
ME24030,Chaaya Suresh,ME,2,85.6,79.4,5,75000,75000,0,Paid,N/A,0.0,Not Placed
AI24031,Avni Dyal,AI,3,74.6,60.8,5,75000,0,75000,Pending,N/A,0.0,Not Placed
IT24032,Sai Sekhon,IT,1,65.0,12.0,5,75000,0,75000,Pending,N/A,0.0,Not Placed
AI24033,Yashodhara Suri,AI,3,63.4,62.2,5,75000,75000,0,Paid,N/A,0.0,Not Placed
CSE24034,Irya Aurora,CSE,2,54.4,24.2,5,75000,0,75000,Pending,N/A,0.0,Not Placed
IT24035,Hemangini Srinivasan,IT,8,65.0,93.0,5,75000,39629,35371,Partial,Amazon,4.09,Placed
IT24036,Yutika Majumdar,IT,1,66.0,75.6,5,75000,52532,22468,Partial,N/A,0.0,Not Placed
ME24037,Veda Gopal,ME,3,77.6,78.0,5,75000,75000,0,Paid,N/A,0.0,Not Placed
CSE24038,Adweta Kalla,CSE,8,59.0,61.0,5,75000,68564,6436,Partial,N/A,0.0,Not Placed
CE24039,Gunbir Peri,CE,5,55.6,42.2,5,75000,0,75000,Pending,N/A,0.0,Not Placed
AI24040,Benjamin Bajwa,AI,5,77.6,20.0,5,75000,0,75000,Pending,N/A,0.0,Not Placed
CE24041,Gopal Batta,CE,2,59.2,95.6,5,75000,47689,27311,Partial,N/A,0.0,Not Placed
CSE24042,Chanchal Khatri,CSE,1,64.2,40.8,5,75000,75000,0,Paid,N/A,0.0,Not Placed
ME24043,Tarak Dasgupta,ME,3,61.8,42.4,5,75000,69709,5291,Partial,N/A,0.0,Not Placed
AI24044,Kabir Ramesh,AI,3,67.4,19.8,5,75000,0,75000,Pending,N/A,0.0,Not Placed
ME24045,Jonathan Din,ME,6,69.6,58.6,5,75000,0,75000,Pending,N/A,0.0,Not Placed
CE24046,Saanvi Soman,CE,5,59.2,41.6,5,75000,55363,19637,Partial,N/A,0.0,Not Placed
CE24047,Yashica Dayal,CE,6,77.0,75.6,5,75000,0,75000,Pending,N/A,0.0,Not Placed
ME24048,Shivansh Reddy,ME,1,68.8,55.2,5,75000,75000,0,Paid,N/A,0.0,Not Placed
CE24049,Omkaar Prasad,CE,2,68.4,19.2,5,75000,0,75000,Pending,N/A,0.0,Not Placed
CE24050,Alexander Rastogi,CE,1,79.2,77.6,5,75000,0,75000,Pending,N/A,0.0,Not Placed
CSE24051,Laban Rattan,CSE,1,70.4,94.0,5,75000,28833,46167,Partial,N/A,0.0,Not Placed
CSE24052,Caleb Chacko,CSE,7,77.8,54.4,5,75000,0,75000,Pending,N/A,0.0,Not Placed
AI24053,Amara Palla,AI,3,76.8,44.4,5,75000,0,75000,Pending,N/A,0.0,Not Placed
ME24054,Champak Badami,ME,4,79.6,94.8,5,75000,0,75000,Pending,N/A,0.0,Not Placed
CE24055,Jasmit Kari,CE,8,79.4,17.8,5,75000,58440,16560,Partial,Accenture,10.24,Placed
ME24056,Divya Kant,ME,3,64.0,44.8,5,75000,0,75000,Pending,N/A,0.0,Not Placed
CE24057,Varsha Nagy,CE,6,84.2,58.4,5,75000,75000,0,Paid,N/A,0.0,Not Placed
CSE24058,Baghyawati Narayan,CSE,5,73.2,80.0,5,75000,0,75000,Pending,N/A,0.0,Not Placed
CSE24059,Anmol Khanna,CSE,1,86.6,92.8,5,75000,0,75000,Pending,N/A,0.0,Not Placed
CSE24060,Chatresh Barad,CSE,2,66.8,76.4,5,75000,75000,0,Paid,N/A,0.0,Not Placed
CSE24061,Ikbal Bhatt,CSE,5,70.2,79.6,5,75000,75000,0,Paid,N/A,0.0,Not Placed
AI24062,Chakradhar Vig,AI,1,64.2,45.0,5,75000,34017,40983,Partial,N/A,0.0,Not Placed
IT24063,Ucchal Desai,IT,3,78.2,42.8,5,75000,75000,0,Paid,N/A,0.0,Not Placed
CSE24064,Bina Chowdhury,CSE,8,71.4,57.8,5,75000,42564,32436,Partial,N/A,0.0,Not Placed
CSE24065,Owen Gokhale,CSE,7,84.2,43.2,5,75000,0,75000,Pending,N/A,0.0,Not Placed
CSE24066,Urmi Babu,CSE,4,78.0,90.2,5,75000,54702,20298,Partial,N/A,0.0,Not Placed
ME24067,Aditya Edwin,ME,3,71.6,92.4,5,75000,0,75000,Pending,N/A,0.0,Not Placed
ME24068,Anay Zachariah,ME,4,69.2,43.6,5,75000,0,75000,Pending,N/A,0.0,Not Placed
CSE24069,Vivaan Thakur,CSE,2,72.6,25.0,5,75000,75000,0,Paid,N/A,0.0,Not Placed
CSE24070,Dhruv Guha,CSE,2,74.0,58.2,5,75000,0,75000,Pending,N/A,0.0,Not Placed
CSE24071,Jacob Chaudry,CSE,5,71.2,77.4,5,75000,75000,0,Paid,N/A,0.0,Not Placed
ME24072,Ojas Ramachandran,ME,8,65.2,45.4,5,75000,29405,45595,Partial,Capgemini,11.09,Placed
CSE24073,Yashodhara Krish,CSE,5,77.4,90.6,5,75000,0,75000,Pending,N/A,0.0,Not Placed
CSE24074,Priya Mahal,CSE,3,56.4,42.6,5,75000,0,75000,Pending,N/A,0.0,Not Placed
AI24075,Unnati Mohanty,AI,2,63.6,56.2,5,75000,54071,20929,Partial,N/A,0.0,Not Placed
AI24076,Nicholas Walla,AI,1,73.4,93.2,5,75000,0,75000,Pending,N/A,0.0,Not Placed
AI24077,Mugdha Subramaniam,AI,4,80.0,38.8,5,75000,0,75000,Pending,N/A,0.0,Not Placed
IT24078,Hiral Ahluwalia,IT,6,72.0,16.0,5,75000,56731,18269,Partial,N/A,0.0,Not Placed
CSE24079,Rohan Kulkarni,CSE,8,77.8,78.4,5,75000,36957,38043,Partial,Amazon,11.4,Placed
CSE24080,Avi Choudhry,CSE,3,62.6,58.2,5,75000,0,75000,Pending,N/A,0.0,Not Placed
AI24081,Umang Sandhu,AI,3,68.0,74.0,5,75000,0,75000,Pending,N/A,0.0,Not Placed
CSE24082,Irya Kala,CSE,4,60.8,20.8,5,75000,61184,13816,Partial,N/A,0.0,Not Placed
CE24083,Qasim Murty,CE,6,54.0,75.4,5,75000,37202,37798,Partial,N/A,0.0,Not Placed
CSE24084,Inaya Bandi,CSE,7,69.8,62.6,5,75000,51788,23212,Partial,N/A,0.0,Not Placed
IT24085,Isaiah Narayan,IT,8,66.4,41.8,5,75000,0,75000,Pending,Amazon,13.38,Placed
IT24086,Aayush Mittal,IT,8,76.8,39.4,5,75000,0,75000,Pending,Infosys,6.29,Placed
ME24087,Tanveer Gandhi,ME,3,52.6,76.6,5,75000,64647,10353,Partial,N/A,0.0,Not Placed
CSE24088,Pratyush Chaudhary,CSE,1,60.4,93.4,5,75000,75000,0,Paid,N/A,0.0,Not Placed
CE24089,Anirudh Ratti,CE,6,67.6,73.2,5,75000,27506,47494,Partial,N/A,0.0,Not Placed
CE24090,Ira Bains,CE,7,63.8,40.0,5,75000,31721,43279,Partial,N/A,0.0,Not Placed
AI24091,Libni Contractor,AI,3,57.4,93.8,5,75000,75000,0,Paid,N/A,0.0,Not Placed
IT24092,Kiaan Dash,IT,1,83.2,44.2,5,75000,0,75000,Pending,N/A,0.0,Not Placed
CSE24093,Banjeet Balasubramanian,CSE,7,77.0,93.2,5,75000,75000,0,Paid,N/A,0.0,Not Placed
CSE24094,Vanya Das,CSE,4,62.0,23.6,5,75000,0,75000,Pending,N/A,0.0,Not Placed
CE24095,Logan Patil,CE,6,60.6,41.8,5,75000,0,75000,Pending,N/A,0.0,Not Placed
CE24096,Aarna Wason,CE,2,60.0,95.2,5,75000,0,75000,Pending,N/A,0.0,Not Placed
ME24097,Ekapad Char,ME,8,67.6,77.0,5,75000,75000,0,Paid,Amazon,9.83,Placed
CE24098,Keya Bhat,CE,1,66.4,41.4,5,75000,0,75000,Pending,N/A,0.0,Not Placed
CSE24099,Upkaar Parmer,CSE,1,64.8,21.0,5,75000,0,75000,Pending,N/A,0.0,Not Placed
AI24100,Ekavir Deol,AI,8,74.4,62.6,5,75000,75000,0,Paid,N/A,0.0,Not Placed
AI24101,Nathan Sandhu,AI,2,73.6,63.6,5,75000,75000,0,Paid,N/A,0.0,Not Placed
CSE24102,Ijaya Baral,CSE,8,73.0,60.0,5,75000,39633,35367,Partial,N/A,0.0,Not Placed
ME24103,Omkaar Dua,ME,2,67.0,78.0,5,75000,0,75000,Pending,N/A,0.0,Not Placed
IT24104,Frederick Sundaram,IT,7,81.0,93.8,5,75000,37775,37225,Partial,N/A,0.0,Not Placed
CSE24105,Orinder Nath,CSE,3,72.2,12.0,5,75000,0,75000,Pending,N/A,0.0,Not Placed
CSE24106,Eiravati Reddy,CSE,5,68.4,38.6,5,75000,45450,29550,Partial,N/A,0.0,Not Placed
AI24107,Dominic Swamy,AI,3,55.2,58.8,5,75000,0,75000,Pending,N/A,0.0,Not Placed
CE24108,Yatan Memon,CE,4,76.0,11.2,5,75000,31356,43644,Partial,N/A,0.0,Not Placed
CSE24109,Wishi Shetty,CSE,4,69.6,60.4,5,75000,57096,17904,Partial,N/A,0.0,Not Placed
CSE24110,Isaac Virk,CSE,7,72.2,91.0,5,75000,75000,0,Paid,N/A,0.0,Not Placed
IT24111,Ekapad Mannan,IT,1,79.4,21.4,5,75000,45557,29443,Partial,N/A,0.0,Not Placed
AI24112,Waida Dutta,AI,6,61.2,94.4,5,75000,36489,38511,Partial,N/A,0.0,Not Placed
IT24113,Avni Prabhakar,IT,2,75.0,54.0,5,75000,0,75000,Pending,N/A,0.0,Not Placed
AI24114,Kevin Mannan,AI,6,63.0,57.4,5,75000,39991,35009,Partial,N/A,0.0,Not Placed
ME24115,Azaan Mishra,ME,6,65.8,41.4,5,75000,0,75000,Pending,N/A,0.0,Not Placed
IT24116,Gopal Parekh,IT,5,72.8,59.6,5,75000,24201,50799,Partial,N/A,0.0,Not Placed
AI24117,Gautami Kannan,AI,5,77.2,18.4,5,75000,75000,0,Paid,N/A,0.0,Not Placed
CE24118,Ubika Mani,CE,4,66.0,59.2,5,75000,75000,0,Paid,N/A,0.0,Not Placed
CE24119,Gunbir Dara,CE,4,76.2,19.6,5,75000,75000,0,Paid,N/A,0.0,Not Placed
ME24120,Falan Sahota,ME,6,64.6,39.0,5,75000,0,75000,Pending,N/A,0.0,Not Placed
CSE24121,Ojasvi Chahal,CSE,7,77.2,44.2,5,75000,0,75000,Pending,N/A,0.0,Not Placed
AI24122,Lajita Mody,AI,4,65.6,41.0,5,75000,0,75000,Pending,N/A,0.0,Not Placed
CE24123,Krishna Bora,CE,4,74.4,56.8,5,75000,23646,51354,Partial,N/A,0.0,Not Placed
ME24124,Gagan Bahl,ME,8,66.0,6.4,5,75000,75000,0,Paid,N/A,0.0,Not Placed
CSE24125,Tamanna Kurian,CSE,2,67.4,40.8,5,75000,75000,0,Paid,N/A,0.0,Not Placed
IT24126,Anvi Guha,IT,2,70.0,76.6,5,75000,75000,0,Paid,N/A,0.0,Not Placed
CSE24127,Ansh Panchal,CSE,7,76.4,59.0,5,75000,66166,8834,Partial,N/A,0.0,Not Placed
ME24128,Tristan Bhatnagar,ME,3,65.2,94.2,5,75000,0,75000,Pending,N/A,0.0,Not Placed
ME24129,Champak Yogi,ME,6,61.6,43.0,5,75000,35682,39318,Partial,N/A,0.0,Not Placed
IT24130,Darsh Bail,IT,6,79.4,89.8,5,75000,35619,39381,Partial,N/A,0.0,Not Placed
IT24131,Kala Sani,IT,6,75.4,60.0,5,75000,54025,20975,Partial,N/A,0.0,Not Placed
CSE24132,Abha Bahri,CSE,8,66.2,59.0,5,75000,75000,0,Paid,N/A,0.0,Not Placed
CSE24133,Noah Venkatesh,CSE,2,60.0,40.2,5,75000,75000,0,Paid,N/A,0.0,Not Placed
AI24134,Kavya Pingle,AI,6,71.0,18.8,5,75000,0,75000,Pending,N/A,0.0,Not Placed
CSE24135,Sneha Madan,CSE,7,71.8,42.6,5,75000,75000,0,Paid,N/A,0.0,Not Placed
ME24136,Nathan Nigam,ME,5,62.0,76.4,5,75000,65043,9957,Partial,N/A,0.0,Not Placed
CSE24137,Warjas Chacko,CSE,7,69.0,44.0,5,75000,75000,0,Paid,N/A,0.0,Not Placed
CE24138,Pallavi Wadhwa,CE,3,73.2,76.2,5,75000,62379,12621,Partial,N/A,0.0,Not Placed
IT24139,Balveer Ghosh,IT,8,80.6,92.8,5,75000,0,75000,Pending,Capgemini,12.91,Placed
AI24140,Vivaan Om,AI,2,56.4,62.2,5,75000,49560,25440,Partial,N/A,0.0,Not Placed
IT24141,Rayaan Sant,IT,3,58.2,56.2,5,75000,0,75000,Pending,N/A,0.0,Not Placed
IT24142,Anay Ramachandran,IT,3,60.0,91.6,5,75000,69883,5117,Partial,N/A,0.0,Not Placed
AI24143,Anvi Chhabra,AI,5,64.2,21.2,5,75000,37763,37237,Partial,N/A,0.0,Not Placed
ME24144,Yahvi Munshi,ME,4,71.8,19.6,5,75000,30017,44983,Partial,N/A,0.0,Not Placed
CE24145,Jagdish Srinivasan,CE,6,66.8,40.4,5,75000,36048,38952,Partial,N/A,0.0,Not Placed
IT24146,Zayan Dayal,IT,2,60.4,15.2,5,75000,75000,0,Paid,N/A,0.0,Not Placed
IT24147,Devansh Suri,IT,5,60.2,17.6,5,75000,0,75000,Pending,N/A,0.0,Not Placed
AI24148,Jeet Kant,AI,8,78.2,91.4,5,75000,0,75000,Pending,N/A,0.0,Not Placed
CE24149,Ronith Gaba,CE,4,68.8,75.6,5,75000,67024,7976,Partial,N/A,0.0,Not Placed
CSE24150,Tara Dhingra,CSE,3,70.4,91.4,5,75000,57123,17877,Partial,N/A,0.0,Not Placed
CE24151,Abhiram Sarma,CE,5,53.6,18.6,5,75000,0,75000,Pending,N/A,0.0,Not Placed
IT24152,Isaiah Gandhi,IT,8,63.2,64.4,5,75000,40033,34967,Partial,N/A,0.0,Not Placed
ME24153,Falguni Nagi,ME,4,74.6,65.6,5,75000,75000,0,Paid,N/A,0.0,Not Placed
CSE24154,Eesha Naik,CSE,2,67.4,59.8,5,75000,75000,0,Paid,N/A,0.0,Not Placed
CSE24155,Ati Comar,CSE,2,69.6,37.8,5,75000,0,75000,Pending,N/A,0.0,Not Placed
CE24156,Xiti Lal,CE,6,85.4,59.4,5,75000,0,75000,Pending,N/A,0.0,Not Placed
IT24157,Gauri Ravel,IT,3,72.2,75.8,5,75000,0,75000,Pending,N/A,0.0,Not Placed
AI24158,Kritika Ahluwalia,AI,3,70.6,44.8,5,75000,0,75000,Pending,N/A,0.0,Not Placed
CSE24159,Shivansh More,CSE,6,62.4,76.2,5,75000,0,75000,Pending,N/A,0.0,Not Placed
IT24160,Ikshita Joshi,IT,7,59.8,41.2,5,75000,0,75000,Pending,N/A,0.0,Not Placed
IT24161,Anamika Bumb,IT,6,69.0,87.2,5,75000,25234,49766,Partial,N/A,0.0,Not Placed
IT24162,Jason Bawa,IT,5,62.6,91.4,5,75000,0,75000,Pending,N/A,0.0,Not Placed
CSE24163,Chameli Bumb,CSE,4,68.2,43.4,5,75000,0,75000,Pending,N/A,0.0,Not Placed
IT24164,Wakeeta Ramaswamy,IT,5,73.2,41.2,5,75000,47037,27963,Partial,N/A,0.0,Not Placed
IT24165,Gautam Rao,IT,5,56.6,40.8,5,75000,57809,17191,Partial,N/A,0.0,Not Placed
ME24166,Aradhana Dhingra,ME,7,83.8,77.2,5,75000,49960,25040,Partial,N/A,0.0,Not Placed
AI24167,Dev Narayanan,AI,4,72.4,54.4,5,75000,55265,19735,Partial,N/A,0.0,Not Placed
CE24168,Vasana Saxena,CE,2,63.8,94.8,5,75000,0,75000,Pending,N/A,0.0,Not Placed
CSE24169,Kalpit Gade,CSE,6,85.8,11.6,5,75000,0,75000,Pending,N/A,0.0,Not Placed
CSE24170,Girik Saran,CSE,4,86.6,93.8,5,75000,75000,0,Paid,N/A,0.0,Not Placed
IT24171,Aahana Murthy,IT,7,66.8,93.8,5,75000,75000,0,Paid,N/A,0.0,Not Placed
AI24172,Odika Chaudry,AI,3,67.8,16.2,5,75000,0,75000,Pending,N/A,0.0,Not Placed
ME24173,Advik Sama,ME,5,66.6,56.8,5,75000,0,75000,Pending,N/A,0.0,Not Placed
IT24174,Hemang Sankaran,IT,6,75.6,94.0,5,75000,0,75000,Pending,N/A,0.0,Not Placed
CE24175,Lopa Sunder,CE,6,64.0,11.2,5,75000,69776,5224,Partial,N/A,0.0,Not Placed
IT24176,Oscar Banik,IT,3,71.0,46.0,5,75000,51087,23913,Partial,N/A,0.0,Not Placed
ME24177,Priya Jani,ME,2,59.4,77.2,5,75000,30008,44992,Partial,N/A,0.0,Not Placed
ME24178,Vritti Barad,ME,3,66.6,40.6,5,75000,75000,0,Paid,N/A,0.0,Not Placed
ME24179,Chakradhar Natt,ME,7,55.4,39.2,5,75000,75000,0,Paid,N/A,0.0,Not Placed
IT24180,Darika Chacko,IT,2,57.4,62.2,5,75000,24558,50442,Partial,N/A,0.0,Not Placed
ME24181,Shivansh Parsa,ME,5,70.6,93.4,5,75000,44666,30334,Partial,N/A,0.0,Not Placed
ME24182,Nidhi Gandhi,ME,2,70.6,57.4,5,75000,0,75000,Pending,N/A,0.0,Not Placed
CE24183,Benjamin Doshi,CE,5,80.8,90.0,5,75000,75000,0,Paid,N/A,0.0,Not Placed
CSE24184,Sanya Modi,CSE,7,78.0,17.8,5,75000,0,75000,Pending,N/A,0.0,Not Placed
IT24185,Vedika Konda,IT,1,70.8,94.0,5,75000,51249,23751,Partial,N/A,0.0,Not Placed
ME24186,Barkha Khosla,ME,7,64.4,42.6,5,75000,69338,5662,Partial,N/A,0.0,Not Placed
AI24187,Yutika Randhawa,AI,2,85.0,19.0,5,75000,0,75000,Pending,N/A,0.0,Not Placed
ME24188,Tarak Pandya,ME,1,79.0,40.8,5,75000,0,75000,Pending,N/A,0.0,Not Placed
ME24189,Naveen Khatri,ME,1,76.0,75.2,5,75000,0,75000,Pending,N/A,0.0,Not Placed
AI24190,Kai Shukla,AI,2,72.8,22.6,5,75000,0,75000,Pending,N/A,0.0,Not Placed
ME24191,Mohammed Murthy,ME,7,67.2,9.6,5,75000,0,75000,Pending,N/A,0.0,Not Placed
ME24192,Vidhi Shankar,ME,5,62.0,90.6,5,75000,75000,0,Paid,N/A,0.0,Not Placed
CE24193,Kashish Dhingra,CE,2,77.6,91.2,5,75000,75000,0,Paid,N/A,0.0,Not Placed
AI24194,Devika Sridhar,AI,2,78.2,79.8,5,75000,47251,27749,Partial,N/A,0.0,Not Placed
AI24195,Tripti Panchal,AI,8,73.6,55.2,5,75000,53858,21142,Partial,N/A,0.0,Not Placed
AI24196,Arjun Agate,AI,5,83.0,13.2,5,75000,75000,0,Paid,N/A,0.0,Not Placed
CSE24197,Utkarsh Barman,CSE,2,78.6,80.0,5,75000,75000,0,Paid,N/A,0.0,Not Placed
CE24198,Riya Borde,CE,6,79.6,60.4,5,75000,0,75000,Pending,N/A,0.0,Not Placed
ME24199,Charan Dube,ME,6,78.2,64.0,5,75000,75000,0,Paid,N/A,0.0,Not Placed
AI24200,Upasna Wason,AI,1,62.4,14.8,5,75000,0,75000,Pending,N/A,0.0,Not Placed
ME24201,Qasim Wagle,ME,4,59.2,74.2,5,75000,31775,43225,Partial,N/A,0.0,Not Placed
ME24202,Tristan Mitra,ME,8,68.0,90.2,5,75000,0,75000,Pending,Accenture,8.49,Placed
CSE24203,Darpan Agate,CSE,1,61.6,11.0,5,75000,66404,8596,Partial,N/A,0.0,Not Placed
AI24204,Rajata Mahal,AI,1,65.6,78.6,5,75000,75000,0,Paid,N/A,0.0,Not Placed
CSE24205,Jeremiah Ranganathan,CSE,6,74.0,94.8,5,75000,0,75000,Pending,N/A,0.0,Not Placed
CE24206,Zayyan Rau,CE,3,88.4,91.4,5,75000,0,75000,Pending,N/A,0.0,Not Placed
CSE24207,Yachana Kulkarni,CSE,5,73.2,38.6,5,75000,29418,45582,Partial,N/A,0.0,Not Placed
IT24208,Yochana Varghese,IT,8,70.2,13.0,5,75000,44230,30770,Partial,N/A,0.0,Not Placed
CE24209,Ekapad Devi,CE,3,66.2,93.8,5,75000,75000,0,Paid,N/A,0.0,Not Placed
AI24210,Nihal Parikh,AI,4,69.4,45.2,5,75000,75000,0,Paid,N/A,0.0,Not Placed
IT24211,Krishna Zacharia,IT,8,61.4,42.8,5,75000,0,75000,Pending,Capgemini,13.57,Placed
AI24212,Faraj Koshy,AI,2,71.2,42.4,5,75000,0,75000,Pending,N/A,0.0,Not Placed
AI24213,Sneha Munshi,AI,6,81.0,90.4,5,75000,0,75000,Pending,N/A,0.0,Not Placed
CSE24214,Lavanya Balay,CSE,2,63.0,93.0,5,75000,75000,0,Paid,N/A,0.0,Not Placed
ME24215,Charvi Dutt,ME,3,63.8,42.2,5,75000,67577,7423,Partial,N/A,0.0,Not Placed
AI24216,Hritik Upadhyay,AI,2,61.0,39.8,5,75000,75000,0,Paid,N/A,0.0,Not Placed
AI24217,Utkarsh Kumer,AI,3,62.4,93.2,5,75000,0,75000,Pending,N/A,0.0,Not Placed
IT24218,Janaki Padmanabhan,IT,4,73.4,17.8,5,75000,0,75000,Pending,N/A,0.0,Not Placed
IT24219,Amrita Grover,IT,5,74.0,76.0,5,75000,0,75000,Pending,N/A,0.0,Not Placed
AI24220,Wishi Dani,AI,2,73.0,78.8,5,75000,52020,22980,Partial,N/A,0.0,Not Placed
IT24221,Rushil Krish,IT,3,72.0,55.2,5,75000,75000,0,Paid,N/A,0.0,Not Placed
CE24222,Jeremiah Rajagopalan,CE,1,67.0,91.4,5,75000,75000,0,Paid,N/A,0.0,Not Placed
IT24223,Gunbir Padmanabhan,IT,6,76.0,75.4,5,75000,38902,36098,Partial,N/A,0.0,Not Placed
AI24224,Yug Bora,AI,2,71.6,75.8,5,75000,0,75000,Pending,N/A,0.0,Not Placed
CE24225,Damini Palla,CE,5,59.6,39.0,5,75000,66056,8944,Partial,N/A,0.0,Not Placed
IT24226,Sara Lalla,IT,3,75.6,15.4,5,75000,75000,0,Paid,N/A,0.0,Not Placed
CSE24227,Yadavi Joshi,CSE,7,72.0,42.8,5,75000,0,75000,Pending,N/A,0.0,Not Placed
ME24228,Manya Chopra,ME,5,72.2,58.6,5,75000,75000,0,Paid,N/A,0.0,Not Placed
IT24229,Champak Deshmukh,IT,8,73.4,40.6,5,75000,75000,0,Paid,TCS,6.48,Placed
CSE24230,Oscar Rastogi,CSE,5,71.2,14.6,5,75000,75000,0,Paid,N/A,0.0,Not Placed
AI24231,Girik Panchal,AI,4,65.0,91.2,5,75000,75000,0,Paid,N/A,0.0,Not Placed
IT24232,Irya Rege,IT,3,54.4,91.2,5,75000,23558,51442,Partial,N/A,0.0,Not Placed
CSE24233,Manthan Loyal,CSE,7,64.6,29.4,5,75000,0,75000,Pending,N/A,0.0,Not Placed
IT24234,Kamya Oommen,IT,1,59.6,54.8,5,75000,57544,17456,Partial,N/A,0.0,Not Placed
ME24235,Yamini Master,ME,8,67.8,92.4,5,75000,75000,0,Paid,N/A,0.0,Not Placed
AI24236,Damini Kata,AI,4,54.8,38.8,5,75000,47544,27456,Partial,N/A,0.0,Not Placed
AI24237,Parth Ram,AI,4,73.6,59.8,5,75000,0,75000,Pending,N/A,0.0,Not Placed
CE24238,Jagrati Vohra,CE,8,79.6,92.0,5,75000,67881,7119,Partial,TCS,6.07,Placed
CE24239,Oeshi Vyas,CE,7,63.8,41.8,5,75000,75000,0,Paid,N/A,0.0,Not Placed
IT24240,Yashica Rajagopalan,IT,2,67.6,40.2,5,75000,56045,18955,Partial,N/A,0.0,Not Placed
IT24241,Veer Bains,IT,8,60.2,93.6,5,75000,58267,16733,Partial,N/A,0.0,Not Placed
ME24242,Anirudh Khanna,ME,5,73.0,7.6,5,75000,75000,0,Paid,N/A,0.0,Not Placed
CE24243,Neelima Balan,CE,2,67.8,60.6,5,75000,0,75000,Pending,N/A,0.0,Not Placed
CE24244,Wahab Korpal,CE,8,72.0,92.6,5,75000,59417,15583,Partial,N/A,0.0,Not Placed
IT24245,Aradhana Chaudhry,IT,7,86.4,89.6,5,75000,75000,0,Paid,N/A,0.0,Not Placed
ME24246,Ati Kalla,ME,7,70.6,16.4,5,75000,62665,12335,Partial,N/A,0.0,Not Placed
ME24247,Edhitha Toor,ME,7,76.8,77.8,5,75000,63577,11423,Partial,N/A,0.0,Not Placed
ME24248,David Choudhary,ME,8,65.0,93.2,5,75000,75000,0,Paid,N/A,0.0,Not Placed
IT24249,Harsh Nanda,IT,7,70.4,56.6,5,75000,0,75000,Pending,N/A,0.0,Not Placed
CSE24250,Kamya Kaur,CSE,1,61.8,76.8,5,75000,0,75000,Pending,N/A,0.0,Not Placed
ME24251,Idika Gara,ME,1,74.0,17.0,5,75000,46508,28492,Partial,N/A,0.0,Not Placed
CSE24252,Jatin Savant,CSE,8,62.8,62.4,5,75000,75000,0,Paid,N/A,0.0,Not Placed
CE24253,Keya Madan,CE,6,78.2,41.8,5,75000,28363,46637,Partial,N/A,0.0,Not Placed
IT24254,Ekantika Deo,IT,1,71.4,77.6,5,75000,60700,14300,Partial,N/A,0.0,Not Placed
AI24255,Ekansh Bose,AI,2,71.0,90.8,5,75000,75000,0,Paid,N/A,0.0,Not Placed
CSE24256,Panini Magar,CSE,5,70.8,60.2,5,75000,0,75000,Pending,N/A,0.0,Not Placed
ME24257,Raghav Kunda,ME,3,82.0,43.4,5,75000,51992,23008,Partial,N/A,0.0,Not Placed
CSE24258,Darpan Chakrabarti,CSE,2,65.8,78.4,5,75000,43779,31221,Partial,N/A,0.0,Not Placed
AI24259,Hiral Loyal,AI,6,61.6,59.8,5,75000,33346,41654,Partial,N/A,0.0,Not Placed
AI24260,Bina Tiwari,AI,5,69.4,40.2,5,75000,0,75000,Pending,N/A,0.0,Not Placed
ME24261,Gautami Kaul,ME,6,72.0,61.6,5,75000,0,75000,Pending,N/A,0.0,Not Placed
ME24262,Ojas Shere,ME,8,76.8,59.0,5,75000,63156,11844,Partial,N/A,0.0,Not Placed
CE24263,Benjamin Golla,CE,6,62.2,5.6,5,75000,75000,0,Paid,N/A,0.0,Not Placed
AI24264,Gunbir Randhawa,AI,5,79.8,95.4,5,75000,0,75000,Pending,N/A,0.0,Not Placed
CSE24265,Tripti Devan,CSE,1,75.0,92.4,5,75000,0,75000,Pending,N/A,0.0,Not Placed
CSE24266,Jagat Nazareth,CSE,2,63.0,23.0,5,75000,75000,0,Paid,N/A,0.0,Not Placed
AI24267,Aahana Lala,AI,2,83.6,41.2,5,75000,0,75000,Pending,N/A,0.0,Not Placed
CE24268,Inaya Handa,CE,7,73.8,20.8,5,75000,40039,34961,Partial,N/A,0.0,Not Placed
ME24269,Omisha Mane,ME,5,72.2,61.6,5,75000,24280,50720,Partial,N/A,0.0,Not Placed
CSE24270,Mahika Rajan,CSE,7,65.0,75.6,5,75000,75000,0,Paid,N/A,0.0,Not Placed
ME24271,Aradhana Magar,ME,1,67.6,54.8,5,75000,66208,8792,Partial,N/A,0.0,Not Placed
AI24272,Umang Khatri,AI,5,64.4,7.8,5,75000,48863,26137,Partial,N/A,0.0,Not Placed
ME24273,Manya Mallick,ME,4,67.8,59.6,5,75000,49486,25514,Partial,N/A,0.0,Not Placed
AI24274,Victor Reddy,AI,6,69.6,92.2,5,75000,75000,0,Paid,N/A,0.0,Not Placed
AI24275,Chatura Sharaf,AI,6,78.6,58.6,5,75000,0,75000,Pending,N/A,0.0,Not Placed
AI24276,Kamala Agate,AI,2,70.2,44.4,5,75000,29948,45052,Partial,N/A,0.0,Not Placed
ME24277,Nihal Atwal,ME,8,67.4,73.4,5,75000,69652,5348,Partial,Wipro,3.77,Placed
ME24278,Pavani Ben,ME,6,69.0,57.4,5,75000,75000,0,Paid,N/A,0.0,Not Placed
CSE24279,Varsha Kadakia,CSE,6,72.8,12.8,5,75000,50992,24008,Partial,N/A,0.0,Not Placed
AI24280,Harinakshi Deep,AI,3,65.6,59.2,5,75000,75000,0,Paid,N/A,0.0,Not Placed
IT24281,Kavya Ramachandran,IT,6,61.6,94.0,5,75000,0,75000,Pending,N/A,0.0,Not Placed
IT24282,Wakeeta Ratta,IT,6,70.8,78.6,5,75000,75000,0,Paid,N/A,0.0,Not Placed
CSE24283,Nidhi Master,CSE,2,72.0,56.8,5,75000,75000,0,Paid,N/A,0.0,Not Placed
IT24284,Ekiya Shukla,IT,1,79.4,44.2,5,75000,46607,28393,Partial,N/A,0.0,Not Placed
CE24285,Anvi Chokshi,CE,4,81.4,41.0,5,75000,75000,0,Paid,N/A,0.0,Not Placed
AI24286,Udyati Khosla,AI,3,80.4,42.8,5,75000,52387,22613,Partial,N/A,0.0,Not Placed
CSE24287,Urvashi Sanghvi,CSE,5,76.2,40.0,5,75000,0,75000,Pending,N/A,0.0,Not Placed
AI24288,Sachi Kibe,AI,8,73.2,19.4,5,75000,75000,0,Paid,Infosys,5.55,Placed
CSE24289,Charvi Kota,CSE,5,65.8,56.4,5,75000,75000,0,Paid,N/A,0.0,Not Placed
CSE24290,Alka Sodhi,CSE,4,68.0,42.2,5,75000,27017,47983,Partial,N/A,0.0,Not Placed
CE24291,Liam Mukhopadhyay,CE,4,69.6,42.8,5,75000,75000,0,Paid,N/A,0.0,Not Placed
CE24292,Akshay Narayan,CE,3,59.6,60.2,5,75000,26892,48108,Partial,N/A,0.0,Not Placed
CSE24293,Atharv Kala,CSE,7,63.4,60.8,5,75000,37415,37585,Partial,N/A,0.0,Not Placed
AI24294,Bhanumati Bhatia,AI,8,69.6,88.6,5,75000,75000,0,Paid,N/A,0.0,Not Placed
ME24295,Kiaan Bala,ME,7,65.8,92.4,5,75000,75000,0,Paid,N/A,0.0,Not Placed
IT24296,Alka Seth,IT,1,70.8,23.0,5,75000,75000,0,Paid,N/A,0.0,Not Placed
AI24297,Amol Sidhu,AI,2,68.2,91.8,5,75000,75000,0,Paid,N/A,0.0,Not Placed
CE24298,Chanakya Chandran,CE,6,63.4,93.0,5,75000,39146,35854,Partial,N/A,0.0,Not Placed
ME24299,Faraj Khosla,ME,4,67.2,13.8,5,75000,57338,17662,Partial,N/A,0.0,Not Placed
CE24300,Darpan Wable,CE,8,60.6,75.4,5,75000,30830,44170,Partial,N/A,0.0,Not Placed
IT24301,Champak Arya,IT,8,76.2,79.0,5,75000,25837,49163,Partial,N/A,0.0,Not Placed
ME24302,Yashica Sura,ME,1,58.8,93.6,5,75000,75000,0,Paid,N/A,0.0,Not Placed
ME24303,Tristan Ganesh,ME,7,75.6,40.6,5,75000,0,75000,Pending,N/A,0.0,Not Placed
CE24304,Yasti Bhavsar,CE,4,74.0,89.8,5,75000,62187,12813,Partial,N/A,0.0,Not Placed
IT24305,Yuvraj Kanda,IT,7,80.2,44.4,5,75000,62013,12987,Partial,N/A,0.0,Not Placed
IT24306,Urmi Nair,IT,2,80.4,45.4,5,75000,0,75000,Pending,N/A,0.0,Not Placed
ME24307,Omaja Sood,ME,1,66.8,24.6,5,75000,75000,0,Paid,N/A,0.0,Not Placed
CE24308,Kritika Chakraborty,CE,3,76.8,57.8,5,75000,0,75000,Pending,N/A,0.0,Not Placed
IT24309,Falak Deol,IT,2,65.6,93.4,5,75000,35006,39994,Partial,N/A,0.0,Not Placed
CE24310,Nandini Sengupta,CE,1,74.0,61.6,5,75000,0,75000,Pending,N/A,0.0,Not Placed
IT24311,Karan Sarna,IT,8,69.4,94.4,5,75000,75000,0,Paid,N/A,0.0,Not Placed
AI24312,Alexander Deep,AI,8,71.6,15.6,5,75000,75000,0,Paid,N/A,0.0,Not Placed
CSE24313,Fitan Dhawan,CSE,6,73.2,21.4,5,75000,0,75000,Pending,N/A,0.0,Not Placed
ME24314,Ishwar Srinivas,ME,7,70.0,92.8,5,75000,75000,0,Paid,N/A,0.0,Not Placed
CSE24315,Pooja Tailor,CSE,2,75.6,93.8,5,75000,0,75000,Pending,N/A,0.0,Not Placed
CE24316,Pallavi Aurora,CE,5,79.6,77.0,5,75000,75000,0,Paid,N/A,0.0,Not Placed
AI24317,Yashodhara Sarna,AI,6,72.6,22.6,5,75000,54683,20317,Partial,N/A,0.0,Not Placed
CSE24318,Aarna Gala,CSE,3,71.0,41.8,5,75000,0,75000,Pending,N/A,0.0,Not Placed
ME24319,Amrita Andra,ME,5,76.0,63.0,5,75000,75000,0,Paid,N/A,0.0,Not Placed
IT24320,Chavvi Agrawal,IT,4,81.6,42.6,5,75000,75000,0,Paid,N/A,0.0,Not Placed
IT24321,Adya Khare,IT,2,80.4,76.8,5,75000,0,75000,Pending,N/A,0.0,Not Placed
ME24322,Anvi Luthra,ME,1,62.8,41.4,5,75000,0,75000,Pending,N/A,0.0,Not Placed
CSE24323,Aryan Chahal,CSE,1,78.2,40.6,5,75000,75000,0,Paid,N/A,0.0,Not Placed
IT24324,Turvi Buch,IT,3,62.0,76.0,5,75000,75000,0,Paid,N/A,0.0,Not Placed
CSE24325,Oni Chowdhury,CSE,8,58.6,22.0,5,75000,43561,31439,Partial,Infosys,12.15,Placed
IT24326,Hredhaan Sachar,IT,7,62.4,78.8,5,75000,75000,0,Paid,N/A,0.0,Not Placed
IT24327,Ria Murty,IT,2,76.8,91.4,5,75000,25925,49075,Partial,N/A,0.0,Not Placed
IT24328,Sara Babu,IT,1,76.0,62.0,5,75000,36259,38741,Partial,N/A,0.0,Not Placed
CSE24329,Ishanvi Kalla,CSE,7,70.0,63.0,5,75000,44464,30536,Partial,N/A,0.0,Not Placed
ME24330,Tanish Tripathi,ME,5,80.4,59.8,5,75000,75000,0,Paid,N/A,0.0,Not Placed
CSE24331,Charan Prashad,CSE,3,71.2,78.8,5,75000,36583,38417,Partial,N/A,0.0,Not Placed
IT24332,Ethan Virk,IT,1,83.4,41.0,5,75000,46731,28269,Partial,N/A,0.0,Not Placed
IT24333,Advik Parikh,IT,8,78.0,60.6,5,75000,44602,30398,Partial,N/A,0.0,Not Placed
CE24334,Meghana Balasubramanian,CE,4,58.2,39.4,5,75000,0,75000,Pending,N/A,0.0,Not Placed
IT24335,Ojas Wagle,IT,4,81.6,41.0,5,75000,0,75000,Pending,N/A,0.0,Not Placed
ME24336,Rajeshri Chakraborty,ME,4,63.2,24.4,5,75000,75000,0,Paid,N/A,0.0,Not Placed
CE24337,Bimala Bora,CE,7,58.2,91.0,5,75000,52570,22430,Partial,N/A,0.0,Not Placed
IT24338,Rudra Kala,IT,6,70.6,61.6,5,75000,75000,0,Paid,N/A,0.0,Not Placed
ME24339,Unni Palla,ME,8,55.0,14.6,5,75000,0,75000,Pending,N/A,0.0,Not Placed
AI24340,Vanya Savant,AI,5,74.4,43.2,5,75000,75000,0,Paid,N/A,0.0,Not Placed
ME24341,Samaksh Prasad,ME,4,72.0,42.4,5,75000,75000,0,Paid,N/A,0.0,Not Placed
CSE24342,Charvi Venkatesh,CSE,6,64.4,46.0,5,75000,0,75000,Pending,N/A,0.0,Not Placed
ME24343,Pratyush Narang,ME,1,64.8,16.6,5,75000,22541,52459,Partial,N/A,0.0,Not Placed
IT24344,Tamanna Sachdev,IT,7,63.8,77.2,5,75000,75000,0,Paid,N/A,0.0,Not Placed
CSE24345,Lucky Khanna,CSE,7,71.6,60.2,5,75000,0,75000,Pending,N/A,0.0,Not Placed
ME24346,Bhavna Sarna,ME,5,80.0,41.8,5,75000,75000,0,Paid,N/A,0.0,Not Placed
CE24347,Champak Shukla,CE,1,79.6,79.2,5,75000,0,75000,Pending,N/A,0.0,Not Placed
CE24348,Faqid Hari,CE,4,67.8,61.2,5,75000,0,75000,Pending,N/A,0.0,Not Placed
AI24349,Wridesh Bhattacharyya,AI,1,83.2,77.0,5,75000,51139,23861,Partial,N/A,0.0,Not Placed
IT24350,Ladli Madan,IT,4,90.8,24.8,5,75000,75000,0,Paid,N/A,0.0,Not Placed
CE24351,Chameli Banik,CE,2,77.2,42.6,5,75000,75000,0,Paid,N/A,0.0,Not Placed
AI24352,Finn Sha,AI,6,77.8,76.6,5,75000,0,75000,Pending,N/A,0.0,Not Placed
CE24353,Thomas Biswas,CE,8,77.0,77.6,5,75000,21628,53372,Partial,N/A,0.0,Not Placed
CE24354,Tripti Prabhu,CE,7,73.0,93.0,5,75000,0,75000,Pending,N/A,0.0,Not Placed
AI24355,Madhav Hari,AI,1,85.4,25.0,5,75000,75000,0,Paid,N/A,0.0,Not Placed
ME24356,Upkaar Sangha,ME,8,74.0,18.0,5,75000,75000,0,Paid,Cognizant,12.66,Placed
CE24357,Tarak Konda,CE,2,58.8,42.8,5,75000,75000,0,Paid,N/A,0.0,Not Placed
IT24358,Hemal Kant,IT,1,81.0,11.2,5,75000,64791,10209,Partial,N/A,0.0,Not Placed
AI24359,Finn Palan,AI,1,75.6,57.8,5,75000,0,75000,Pending,N/A,0.0,Not Placed
ME24360,Yashoda Seth,ME,6,74.8,57.4,5,75000,75000,0,Paid,N/A,0.0,Not Placed
IT24361,Vasudha Ahuja,IT,4,75.8,87.4,5,75000,44621,30379,Partial,N/A,0.0,Not Placed
IT24362,David Tandon,IT,3,76.0,93.6,5,75000,0,75000,Pending,N/A,0.0,Not Placed
AI24363,Siya Narasimhan,AI,8,69.8,42.4,5,75000,75000,0,Paid,N/A,0.0,Not Placed
ME24364,Gavin Lad,ME,2,59.8,59.0,5,75000,69643,5357,Partial,N/A,0.0,Not Placed
IT24365,Tripti Konda,IT,6,58.6,22.8,5,75000,54653,20347,Partial,N/A,0.0,Not Placed
ME24366,Benjamin Ramanathan,ME,4,69.6,26.6,5,75000,0,75000,Pending,N/A,0.0,Not Placed
ME24367,Radha Oza,ME,1,60.2,88.8,5,75000,0,75000,Pending,N/A,0.0,Not Placed
AI24368,Wriddhish Mutti,AI,8,63.0,43.4,5,75000,0,75000,Pending,N/A,0.0,Not Placed
IT24369,Chaman Murty,IT,8,60.0,61.4,5,75000,75000,0,Paid,Accenture,10.96,Placed
AI24370,Keya Arora,AI,1,68.4,56.4,5,75000,0,75000,Pending,N/A,0.0,Not Placed
AI24371,Anika Desai,AI,2,77.4,44.0,5,75000,75000,0,Paid,N/A,0.0,Not Placed
CSE24372,Chandran Sampath,CSE,6,68.0,24.6,5,75000,0,75000,Pending,N/A,0.0,Not Placed
ME24373,Aachal Ramesh,ME,7,71.0,73.4,5,75000,0,75000,Pending,N/A,0.0,Not Placed
ME24374,Yuvraj Prashad,ME,3,80.0,59.0,5,75000,21268,53732,Partial,N/A,0.0,Not Placed
AI24375,Jonathan Kunda,AI,7,77.6,92.0,5,75000,0,75000,Pending,N/A,0.0,Not Placed
IT24376,Simon Madan,IT,4,62.6,25.0,5,75000,42494,32506,Partial,N/A,0.0,Not Placed
CE24377,Suhani Chhabra,CE,6,76.4,87.4,5,75000,75000,0,Paid,N/A,0.0,Not Placed
CSE24378,Chanchal Shenoy,CSE,4,62.4,39.6,5,75000,75000,0,Paid,N/A,0.0,Not Placed
CE24379,Rushil Bahri,CE,4,64.4,59.8,5,75000,0,75000,Pending,N/A,0.0,Not Placed
ME24380,Gautam Tank,ME,4,81.8,91.2,5,75000,58834,16166,Partial,N/A,0.0,Not Placed
ME24381,Ekta Badami,ME,5,75.4,57.8,5,75000,75000,0,Paid,N/A,0.0,Not Placed
IT24382,Umang Sampath,IT,1,74.0,15.0,5,75000,55517,19483,Partial,N/A,0.0,Not Placed
IT24383,Elijah Talwar,IT,6,83.0,93.4,5,75000,32989,42011,Partial,N/A,0.0,Not Placed
CE24384,Mohini Panchal,CE,6,63.4,61.0,5,75000,43520,31480,Partial,N/A,0.0,Not Placed
IT24385,Advik Mohanty,IT,2,72.8,92.8,5,75000,0,75000,Pending,N/A,0.0,Not Placed
AI24386,Tristan Guha,AI,2,62.0,43.0,5,75000,28776,46224,Partial,N/A,0.0,Not Placed
ME24387,Raksha Ramakrishnan,ME,3,71.8,40.2,5,75000,0,75000,Pending,N/A,0.0,Not Placed
CE24388,Mugdha Bhargava,CE,8,75.8,23.4,5,75000,43185,31815,Partial,Amazon,5.02,Placed
CE24389,Anirudh Patil,CE,6,68.2,79.4,5,75000,61732,13268,Partial,N/A,0.0,Not Placed
AI24390,Warda Raju,AI,4,72.6,39.8,5,75000,41050,33950,Partial,N/A,0.0,Not Placed
ME24391,Harrison Lata,ME,3,71.2,62.8,5,75000,75000,0,Paid,N/A,0.0,Not Placed
ME24392,Ekapad Hans,ME,3,72.8,95.0,5,75000,53572,21428,Partial,N/A,0.0,Not Placed
IT24393,Rachit Kumer,IT,7,71.2,90.4,5,75000,34656,40344,Partial,N/A,0.0,Not Placed
IT24394,Ekavir Tailor,IT,8,76.8,92.6,5,75000,61912,13088,Partial,N/A,0.0,Not Placed
AI24395,Adweta Murty,AI,8,68.0,94.4,5,75000,75000,0,Paid,N/A,0.0,Not Placed
AI24396,Imaran Kumer,AI,7,62.0,94.6,5,75000,0,75000,Pending,N/A,0.0,Not Placed
AI24397,Charles Babu,AI,1,79.4,96.8,5,75000,75000,0,Paid,N/A,0.0,Not Placed
CSE24398,Yochana Jaggi,CSE,3,66.0,44.0,5,75000,75000,0,Paid,N/A,0.0,Not Placed
AI24399,Lekha Kala,AI,7,80.4,43.0,5,75000,75000,0,Paid,N/A,0.0,Not Placed
CE24400,Avni Rout,CE,8,68.8,20.4,5,75000,0,75000,Pending,Amazon,13.55,Placed
IT24401,Mitali Sibal,IT,1,69.0,93.2,5,75000,68448,6552,Partial,N/A,0.0,Not Placed
CE24402,Yashawini Dara,CE,3,70.4,96.4,5,75000,37614,37386,Partial,N/A,0.0,Not Placed
CSE24403,Vasana Minhas,CSE,6,70.8,14.2,5,75000,75000,0,Paid,N/A,0.0,Not Placed
IT24404,Advik Oak,IT,2,68.8,59.8,5,75000,30151,44849,Partial,N/A,0.0,Not Placed
ME24405,Farhan Lal,ME,5,73.6,22.0,5,75000,37324,37676,Partial,N/A,0.0,Not Placed
ME24406,Banjeet Dar,ME,1,58.4,43.0,5,75000,24709,50291,Partial,N/A,0.0,Not Placed
AI24407,Falak Varughese,AI,3,66.6,95.8,5,75000,75000,0,Paid,N/A,0.0,Not Placed
CE24408,Ira Halder,CE,1,75.6,60.4,5,75000,75000,0,Paid,N/A,0.0,Not Placed
ME24409,Ishanvi Mani,ME,6,82.8,42.2,5,75000,0,75000,Pending,N/A,0.0,Not Placed
CSE24410,Kashvi Kaul,CSE,6,72.6,63.4,5,75000,28933,46067,Partial,N/A,0.0,Not Placed
IT24411,Anita Dayal,IT,8,63.2,90.0,5,75000,75000,0,Paid,N/A,0.0,Not Placed
IT24412,Radha Ganesh,IT,7,83.6,76.6,5,75000,0,75000,Pending,N/A,0.0,Not Placed
ME24413,Sudiksha Kunda,ME,1,86.8,58.8,5,75000,75000,0,Paid,N/A,0.0,Not Placed
CE24414,Shravya Comar,CE,4,73.4,15.2,5,75000,75000,0,Paid,N/A,0.0,Not Placed
CSE24415,Raksha Varty,CSE,8,70.4,42.8,5,75000,23928,51072,Partial,N/A,0.0,Not Placed
ME24416,Kala Deshpande,ME,8,68.0,59.2,5,75000,0,75000,Pending,Microsoft,6.7,Placed
CSE24417,Adya Salvi,CSE,5,73.0,15.0,5,75000,48792,26208,Partial,N/A,0.0,Not Placed
AI24418,Neelima Sethi,AI,3,76.6,18.0,5,75000,75000,0,Paid,N/A,0.0,Not Placed
AI24419,Devansh Gopal,AI,8,73.4,44.4,5,75000,29938,45062,Partial,Capgemini,12.43,Placed
CSE24420,Dalaja Konda,CSE,1,73.4,19.2,5,75000,0,75000,Pending,N/A,0.0,Not Placed
ME24421,Harita Bassi,ME,2,62.6,92.8,5,75000,0,75000,Pending,N/A,0.0,Not Placed
IT24422,Anusha Radhakrishnan,IT,1,78.6,75.8,5,75000,0,75000,Pending,N/A,0.0,Not Placed
IT24423,Tejas Toor,IT,6,73.8,43.8,5,75000,75000,0,Paid,N/A,0.0,Not Placed
AI24424,Advika Hayre,AI,1,65.2,76.2,5,75000,40222,34778,Partial,N/A,0.0,Not Placed
AI24425,Mahika Korpal,AI,8,72.0,19.8,5,75000,0,75000,Pending,N/A,0.0,Not Placed
IT24426,Saksham Sarkar,IT,6,73.2,65.4,5,75000,0,75000,Pending,N/A,0.0,Not Placed
IT24427,Amrita Bhatia,IT,3,73.4,16.0,5,75000,75000,0,Paid,N/A,0.0,Not Placed
AI24428,Siya Nagi,AI,6,61.6,43.0,5,75000,75000,0,Paid,N/A,0.0,Not Placed
CSE24429,Ethan Ratta,CSE,7,74.8,55.4,5,75000,0,75000,Pending,N/A,0.0,Not Placed
IT24430,Leena Walia,IT,3,67.0,56.0,5,75000,0,75000,Pending,N/A,0.0,Not Placed
CSE24431,Jai Sahni,CSE,4,68.2,75.6,5,75000,59051,15949,Partial,N/A,0.0,Not Placed
ME24432,Amrita Parikh,ME,8,68.0,93.6,5,75000,67750,7250,Partial,N/A,0.0,Not Placed
CSE24433,Hritik Vig,CSE,2,68.4,12.8,5,75000,75000,0,Paid,N/A,0.0,Not Placed
CE24434,Faqid Kurian,CE,8,76.8,77.0,5,75000,37324,37676,Partial,N/A,0.0,Not Placed
CSE24435,Andrew Atwal,CSE,2,60.4,17.6,5,75000,0,75000,Pending,N/A,0.0,Not Placed
ME24436,Logan Kalita,ME,3,80.4,42.6,5,75000,0,75000,Pending,N/A,0.0,Not Placed
ME24437,Rachita Kapoor,ME,4,74.4,59.4,5,75000,0,75000,Pending,N/A,0.0,Not Placed
CE24438,Kashvi Nair,CE,5,78.8,73.0,5,75000,75000,0,Paid,N/A,0.0,Not Placed
AI24439,Guneet Chandran,AI,3,63.0,58.8,5,75000,75000,0,Paid,N/A,0.0,Not Placed
ME24440,Harrison Sabharwal,ME,4,74.0,91.8,5,75000,75000,0,Paid,N/A,0.0,Not Placed
CSE24441,Manan Pandit,CSE,5,68.8,56.6,5,75000,36996,38004,Partial,N/A,0.0,Not Placed
IT24442,Divya Mitra,IT,4,75.0,92.2,5,75000,50471,24529,Partial,N/A,0.0,Not Placed
ME24443,Samar Mannan,ME,2,73.2,76.0,5,75000,20803,54197,Partial,N/A,0.0,Not Placed
CE24444,Ishanvi Date,CE,6,64.8,77.2,5,75000,75000,0,Paid,N/A,0.0,Not Placed
ME24445,Balveer Char,ME,8,63.2,79.6,5,75000,75000,0,Paid,Wipro,3.27,Placed
ME24446,Advika Khatri,ME,1,72.0,17.6,5,75000,34039,40961,Partial,N/A,0.0,Not Placed
AI24447,Ikbal Deo,AI,8,75.0,18.6,5,75000,50087,24913,Partial,N/A,0.0,Not Placed
AI24448,Yadavi Gulati,AI,2,49.8,93.2,5,75000,75000,0,Paid,N/A,0.0,Not Placed
IT24449,Jeet Buch,IT,7,71.2,18.2,5,75000,0,75000,Pending,N/A,0.0,Not Placed
CE24450,Rachana Deep,CE,3,57.8,92.0,5,75000,58257,16743,Partial,N/A,0.0,Not Placed
CSE24451,Yadavi Venkatesh,CSE,5,67.0,90.8,5,75000,75000,0,Paid,N/A,0.0,Not Placed
CSE24452,Darika Acharya,CSE,3,78.4,76.4,5,75000,75000,0,Paid,N/A,0.0,Not Placed
CE24453,Gaurangi Natt,CE,4,78.0,18.6,5,75000,50894,24106,Partial,N/A,0.0,Not Placed
IT24454,Krishna Om,IT,4,77.4,60.2,5,75000,0,75000,Pending,N/A,0.0,Not Placed
CSE24455,Zinal Keer,CSE,6,61.8,90.2,5,75000,25821,49179,Partial,N/A,0.0,Not Placed
ME24456,Jagdish Sha,ME,6,60.0,19.6,5,75000,46218,28782,Partial,N/A,0.0,Not Placed
CE24457,Noah Sunder,CE,4,69.2,76.6,5,75000,49801,25199,Partial,N/A,0.0,Not Placed
IT24458,Azad Jayaraman,IT,8,61.2,44.8,5,75000,53707,21293,Partial,N/A,0.0,Not Placed
IT24459,Jai Kara,IT,5,60.4,16.4,5,75000,75000,0,Paid,N/A,0.0,Not Placed
AI24460,Avi Kashyap,AI,1,59.8,95.0,5,75000,0,75000,Pending,N/A,0.0,Not Placed
AI24461,Yahvi Johal,AI,4,61.0,94.6,5,75000,25710,49290,Partial,N/A,0.0,Not Placed
CSE24462,Chasmum Ramanathan,CSE,6,71.8,42.0,5,75000,75000,0,Paid,N/A,0.0,Not Placed
AI24463,Vedhika Jayaraman,AI,5,64.8,78.2,5,75000,75000,0,Paid,N/A,0.0,Not Placed
ME24464,Kevin Naidu,ME,2,82.8,62.6,5,75000,75000,0,Paid,N/A,0.0,Not Placed
AI24465,Max Shere,AI,1,75.0,80.6,5,75000,75000,0,Paid,N/A,0.0,Not Placed
CSE24466,Leela Bhatia,CSE,3,68.4,42.0,5,75000,0,75000,Pending,N/A,0.0,Not Placed
CSE24467,Teerth Char,CSE,2,72.4,92.4,5,75000,0,75000,Pending,N/A,0.0,Not Placed
ME24468,Naksh Pall,ME,2,49.6,78.0,5,75000,0,75000,Pending,N/A,0.0,Not Placed
IT24469,Gagan Ram,IT,3,69.4,62.6,5,75000,75000,0,Paid,N/A,0.0,Not Placed
IT24470,Girik Palla,IT,7,66.0,79.0,5,75000,36566,38434,Partial,N/A,0.0,Not Placed
ME24471,Yatan Borah,ME,8,92.6,55.6,5,75000,75000,0,Paid,Cognizant,12.34,Placed
AI24472,Arin Suri,AI,1,77.8,61.8,5,75000,75000,0,Paid,N/A,0.0,Not Placed
IT24473,Harrison Palan,IT,1,66.2,92.6,5,75000,0,75000,Pending,N/A,0.0,Not Placed
AI24474,Kamya Patil,AI,2,66.4,92.0,5,75000,68633,6367,Partial,N/A,0.0,Not Placed
ME24475,Gayathri Dhar,ME,3,80.0,42.0,5,75000,75000,0,Paid,N/A,0.0,Not Placed
CE24476,Anusha Iyer,CE,4,76.8,78.6,5,75000,75000,0,Paid,N/A,0.0,Not Placed
CSE24477,Lipika Seshadri,CSE,4,77.4,61.4,5,75000,75000,0,Paid,N/A,0.0,Not Placed
ME24478,Krishna Kapadia,ME,6,69.0,91.0,5,75000,75000,0,Paid,N/A,0.0,Not Placed
IT24479,Umang Raghavan,IT,8,64.0,93.0,5,75000,75000,0,Paid,TCS,14.48,Placed
CE24480,Vyanjana Prashad,CE,5,75.4,63.2,5,75000,75000,0,Paid,N/A,0.0,Not Placed
IT24481,Daksha Munshi,IT,4,65.6,11.6,5,75000,20873,54127,Partial,N/A,0.0,Not Placed
IT24482,Balhaar Buch,IT,2,74.2,43.0,5,75000,75000,0,Paid,N/A,0.0,Not Placed
CE24483,Shaurya Raval,CE,7,70.8,41.2,5,75000,75000,0,Paid,N/A,0.0,Not Placed
CSE24484,Widisha Agrawal,CSE,7,71.4,75.8,5,75000,0,75000,Pending,N/A,0.0,Not Placed
AI24485,Forum Butala,AI,6,73.0,95.0,5,75000,0,75000,Pending,N/A,0.0,Not Placed
IT24486,Zayyan Lalla,IT,2,70.8,91.2,5,75000,53430,21570,Partial,N/A,0.0,Not Placed
IT24487,Vritti Reddy,IT,6,64.8,43.6,5,75000,25479,49521,Partial,N/A,0.0,Not Placed
AI24488,Baghyawati Raval,AI,7,82.6,44.2,5,75000,40146,34854,Partial,N/A,0.0,Not Placed
CE24489,Zarna Bal,CE,7,58.2,53.8,5,75000,40960,34040,Partial,N/A,0.0,Not Placed
AI24490,Shivani Mander,AI,5,59.6,12.8,5,75000,26912,48088,Partial,N/A,0.0,Not Placed
CE24491,Girik Agrawal,CE,6,63.4,17.2,5,75000,75000,0,Paid,N/A,0.0,Not Placed
CSE24492,Hiral Goda,CSE,8,57.8,13.4,5,75000,75000,0,Paid,N/A,0.0,Not Placed
ME24493,Damyanti Vig,ME,8,84.8,44.0,5,75000,75000,0,Paid,Infosys,5.18,Placed
ME24494,Darpan Bava,ME,2,77.2,58.2,5,75000,75000,0,Paid,N/A,0.0,Not Placed
CSE24495,Ayush Dua,CSE,4,70.2,62.4,5,75000,57164,17836,Partial,N/A,0.0,Not Placed
CSE24496,Samar Garg,CSE,3,64.6,90.2,5,75000,75000,0,Paid,N/A,0.0,Not Placed
AI24497,Janaki Shetty,AI,5,69.0,57.6,5,75000,0,75000,Pending,N/A,0.0,Not Placed
CSE24498,Anay Iyer,CSE,5,65.4,89.0,5,75000,75000,0,Paid,N/A,0.0,Not Placed
ME24499,Amol Sarin,ME,7,69.6,43.6,5,75000,75000,0,Paid,N/A,0.0,Not Placed
CSE24500,Pavani Tandon,CSE,3,70.2,24.6,5,75000,60855,14145,Partial,N/A,0.0,Not Placed
