attendance_id,roll_no,subject_code,attendance_percentage
1,CSE24001,CSE401,58
2,CSE24001,CSE402,70
3,CSE24001,CSE403,71
4,CSE24001,CSE404,62
5,CSE24001,CSE405,98
6,CSE24002,CSE601,96
7,CSE24002,CSE602,42
8,CSE24002,CSE603,81
9,CSE24002,CSE604,84
10,CSE24002,CSE605,52
11,ME24003,ME401,72
12,ME24003,ME402,52
13,ME24003,ME403,94
14,ME24003,ME404,70
15,ME24003,ME405,88
16,IT24004,IT201,44
17,IT24004,IT202,100
18,IT24004,IT203,63
19,IT24004,IT204,50
20,IT24004,IT205,81
21,AI24005,AI601,43
22,AI24005,AI602,86
23,AI24005,AI603,66
24,AI24005,AI604,68
25,AI24005,AI605,44
26,CE24006,CE101,62
27,CE24006,CE102,78
28,CE24006,CE103,42
29,CE24006,CE104,74
30,CE24006,CE105,42
31,CE24007,CE101,47
32,CE24007,CE102,40
33,CE24007,CE103,83
34,CE24007,CE104,49
35,CE24007,CE105,52
36,IT24008,IT101,98
37,IT24008,IT102,95
38,IT24008,IT103,54
39,IT24008,IT104,54
40,IT24008,IT105,81
41,ME24009,ME401,79
42,ME24009,ME402,79
43,ME24009,ME403,88
44,ME24009,ME404,67
45,ME24009,ME405,72
46,AI24010,AI701,76
47,AI24010,AI702,86
48,AI24010,AI703,73
49,AI24010,AI704,87
50,AI24010,AI705,77
51,AI24011,AI801,78
52,AI24011,AI802,84
53,AI24011,AI803,94
54,AI24011,AI804,94
55,AI24011,AI805,82
56,CSE24012,CSE701,54
57,CSE24012,CSE702,83
58,CSE24012,CSE703,89
59,CSE24012,CSE704,50
60,CSE24012,CSE705,43
61,ME24013,ME601,73
62,ME24013,ME602,50
63,ME24013,ME603,78
64,ME24013,ME604,73
65,ME24013,ME605,76
66,AI24014,AI401,52
67,AI24014,AI402,72
68,AI24014,AI403,40
69,AI24014,AI404,50
70,AI24014,AI405,43
71,CE24015,CE401,51
72,CE24015,CE402,41
73,CE24015,CE403,48
74,CE24015,CE404,76
75,CE24015,CE405,54
76,CE24016,CE401,75
77,CE24016,CE402,53
78,CE24016,CE403,62
79,CE24016,CE404,65
80,CE24016,CE405,85
81,ME24017,ME201,93
82,ME24017,ME202,42
83,ME24017,ME203,80
84,ME24017,ME204,55
85,ME24017,ME205,80
86,ME24018,ME301,67
87,ME24018,ME302,66
88,ME24018,ME303,100
89,ME24018,ME304,96
90,ME24018,ME305,89
91,IT24019,IT301,52
92,IT24019,IT302,85
93,IT24019,IT303,54
94,IT24019,IT304,40
95,IT24019,IT305,55
96,CSE24020,CSE101,88
97,CSE24020,CSE102,47
98,CSE24020,CSE103,63
99,CSE24020,CSE104,59
100,CSE24020,CSE105,85
101,ME24021,ME701,41
102,ME24021,ME702,65
103,ME24021,ME703,94
104,ME24021,ME704,55
105,ME24021,ME705,86
106,CSE24022,CSE801,41
107,CSE24022,CSE802,50
108,CSE24022,CSE803,59
109,CSE24022,CSE804,43
110,CSE24022,CSE805,84
111,IT24023,IT101,53
112,IT24023,IT102,43
113,IT24023,IT103,52
114,IT24023,IT104,50
115,IT24023,IT105,97
116,ME24024,ME101,49
117,ME24024,ME102,87
118,ME24024,ME103,79
119,ME24024,ME104,53
120,ME24024,ME105,96
121,ME24025,ME501,54
122,ME24025,ME502,95
123,ME24025,ME503,41
124,ME24025,ME504,89
125,ME24025,ME505,61
126,IT24026,IT501,89
127,IT24026,IT502,53
128,IT24026,IT503,98
129,IT24026,IT504,91
130,IT24026,IT505,51
131,IT24027,IT401,69
132,IT24027,IT402,89
133,IT24027,IT403,73
134,IT24027,IT404,82
135,IT24027,IT405,52
136,IT24028,IT301,99
137,IT24028,IT302,98
138,IT24028,IT303,75
139,IT24028,IT304,85
140,IT24028,IT305,58
141,CE24029,CE801,47
142,CE24029,CE802,77
143,CE24029,CE803,70
144,CE24029,CE804,53
145,CE24029,CE805,56
146,ME24030,ME201,71
147,ME24030,ME202,84
148,ME24030,ME203,97
149,ME24030,ME204,97
150,ME24030,ME205,79
151,AI24031,AI301,89
152,AI24031,AI302,100
153,AI24031,AI303,81
154,AI24031,AI304,40
155,AI24031,AI305,63
156,IT24032,IT101,44
157,IT24032,IT102,40
158,IT24032,IT103,91
159,IT24032,IT104,74
160,IT24032,IT105,76
161,AI24033,AI301,55
162,AI24033,AI302,98
163,AI24033,AI303,41
164,AI24033,AI304,54
165,AI24033,AI305,69
166,CSE24034,CSE201,41
167,CSE24034,CSE202,44
168,CSE24034,CSE203,67
169,CSE24034,CSE204,72
170,CSE24034,CSE205,48
171,IT24035,IT801,98
172,IT24035,IT802,67
173,IT24035,IT803,49
174,IT24035,IT804,48
175,IT24035,IT805,63
176,IT24036,IT101,59
177,IT24036,IT102,63
178,IT24036,IT103,68
179,IT24036,IT104,68
180,IT24036,IT105,72
181,ME24037,ME301,53
182,ME24037,ME302,77
183,ME24037,ME303,100
184,ME24037,ME304,88
185,ME24037,ME305,70
186,CSE24038,CSE801,48
187,CSE24038,CSE802,43
188,CSE24038,CSE803,50
189,CSE24038,CSE804,55
190,CSE24038,CSE805,99
191,CE24039,CE501,46
192,CE24039,CE502,42
193,CE24039,CE503,88
194,CE24039,CE504,48
195,CE24039,CE505,54
196,AI24040,AI501,42
197,AI24040,AI502,95
198,AI24040,AI503,70
199,AI24040,AI504,87
200,AI24040,AI505,94
201,CE24041,CE201,86
202,CE24041,CE202,63
203,CE24041,CE203,56
204,CE24041,CE204,41
205,CE24041,CE205,50
206,CSE24042,CSE101,50
207,CSE24042,CSE102,81
208,CSE24042,CSE103,58
209,CSE24042,CSE104,60
210,CSE24042,CSE105,72
211,ME24043,ME301,49
212,ME24043,ME302,74
213,ME24043,ME303,86
214,ME24043,ME304,50
215,ME24043,ME305,50
216,AI24044,AI301,83
217,AI24044,AI302,66
218,AI24044,AI303,51
219,AI24044,AI304,43
220,AI24044,AI305,94
221,ME24045,ME601,96
222,ME24045,ME602,48
223,ME24045,ME603,58
224,ME24045,ME604,99
225,ME24045,ME605,47
226,CE24046,CE501,60
227,CE24046,CE502,57
228,CE24046,CE503,44
229,CE24046,CE504,78
230,CE24046,CE505,57
231,CE24047,CE601,87
232,CE24047,CE602,54
233,CE24047,CE603,94
234,CE24047,CE604,97
235,CE24047,CE605,53
236,ME24048,ME101,100
237,ME24048,ME102,61
238,ME24048,ME103,45
239,ME24048,ME104,98
240,ME24048,ME105,40
241,CE24049,CE201,90
242,CE24049,CE202,51
243,CE24049,CE203,69
244,CE24049,CE204,68
245,CE24049,CE205,64
246,CE24050,CE101,76
247,CE24050,CE102,93
248,CE24050,CE103,66
249,CE24050,CE104,88
250,CE24050,CE105,73
251,CSE24051,CSE101,42
252,CSE24051,CSE102,67
253,CSE24051,CSE103,61
254,CSE24051,CSE104,84
255,CSE24051,CSE105,98
256,CSE24052,CSE701,97
257,CSE24052,CSE702,99
258,CSE24052,CSE703,89
259,CSE24052,CSE704,49
260,CSE24052,CSE705,55
261,AI24053,AI301,63
262,AI24053,AI302,82
263,AI24053,AI303,56
264,AI24053,AI304,90
265,AI24053,AI305,93
266,ME24054,ME401,88
267,ME24054,ME402,95
268,ME24054,ME403,77
269,ME24054,ME404,56
270,ME24054,ME405,82
271,CE24055,CE801,93
272,CE24055,CE802,90
273,CE24055,CE803,78
274,CE24055,CE804,88
275,CE24055,CE805,48
276,ME24056,ME301,91
277,ME24056,ME302,59
278,ME24056,ME303,77
279,ME24056,ME304,47
280,ME24056,ME305,46
281,CE24057,CE601,96
282,CE24057,CE602,99
283,CE24057,CE603,73
284,CE24057,CE604,53
285,CE24057,CE605,100
286,CSE24058,CSE501,99
287,CSE24058,CSE502,95
288,CSE24058,CSE503,59
289,CSE24058,CSE504,66
290,CSE24058,CSE505,47
291,CSE24059,CSE101,97
292,CSE24059,CSE102,92
293,CSE24059,CSE103,60
294,CSE24059,CSE104,90
295,CSE24059,CSE105,94
296,CSE24060,CSE201,50
297,CSE24060,CSE202,61
298,CSE24060,CSE203,98
299,CSE24060,CSE204,53
300,CSE24060,CSE205,72
301,CSE24061,CSE501,57
302,CSE24061,CSE502,86
303,CSE24061,CSE503,68
304,CSE24061,CSE504,72
305,CSE24061,CSE505,68
306,AI24062,AI101,97
307,AI24062,AI102,59
308,AI24062,AI103,51
309,AI24062,AI104,53
310,AI24062,AI105,61
311,IT24063,IT301,92
312,IT24063,IT302,95
313,IT24063,IT303,81
314,IT24063,IT304,78
315,IT24063,IT305,45
316,CSE24064,CSE801,66
317,CSE24064,CSE802,41
318,CSE24064,CSE803,77
319,CSE24064,CSE804,79
320,CSE24064,CSE805,94
321,CSE24065,CSE701,76
322,CSE24065,CSE702,90
323,CSE24065,CSE703,97
324,CSE24065,CSE704,85
325,CSE24065,CSE705,73
326,CSE24066,CSE401,79
327,CSE24066,CSE402,81
328,CSE24066,CSE403,57
329,CSE24066,CSE404,84
330,CSE24066,CSE405,89
331,ME24067,ME301,60
332,ME24067,ME302,58
333,ME24067,ME303,97
334,ME24067,ME304,48
335,ME24067,ME305,95
336,ME24068,ME401,60
337,ME24068,ME402,81
338,ME24068,ME403,79
339,ME24068,ME404,44
340,ME24068,ME405,82
341,CSE24069,CSE201,90
342,CSE24069,CSE202,58
343,CSE24069,CSE203,62
344,CSE24069,CSE204,87
345,CSE24069,CSE205,66
346,CSE24070,CSE201,80
347,CSE24070,CSE202,43
348,CSE24070,CSE203,93
349,CSE24070,CSE204,86
350,CSE24070,CSE205,68
351,CSE24071,CSE501,40
352,CSE24071,CSE502,51
353,CSE24071,CSE503,81
354,CSE24071,CSE504,96
355,CSE24071,CSE505,88
356,ME24072,ME801,48
357,ME24072,ME802,71
358,ME24072,ME803,85
359,ME24072,ME804,66
360,ME24072,ME805,56
361,CSE24073,CSE501,86
362,CSE24073,CSE502,89
363,CSE24073,CSE503,67
364,CSE24073,CSE504,66
365,CSE24073,CSE505,79
366,CSE24074,CSE301,42
367,CSE24074,CSE302,45
368,CSE24074,CSE303,50
369,CSE24074,CSE304,58
370,CSE24074,CSE305,87
371,AI24075,AI201,89
372,AI24075,AI202,57
373,AI24075,AI203,84
374,AI24075,AI204,44
375,AI24075,AI205,44
376,AI24076,AI101,100
377,AI24076,AI102,99
378,AI24076,AI103,70
379,AI24076,AI104,44
380,AI24076,AI105,54
381,AI24077,AI401,76
382,AI24077,AI402,100
383,AI24077,AI403,53
384,AI24077,AI404,78
385,AI24077,AI405,93
386,IT24078,IT601,85
387,IT24078,IT602,52
388,IT24078,IT603,48
389,IT24078,IT604,82
390,IT24078,IT605,93
391,CSE24079,CSE801,69
392,CSE24079,CSE802,78
393,CSE24079,CSE803,86
394,CSE24079,CSE804,69
395,CSE24079,CSE805,87
396,CSE24080,CSE301,85
397,CSE24080,CSE302,40
398,CSE24080,CSE303,67
399,CSE24080,CSE304,47
400,CSE24080,CSE305,74
401,AI24081,AI301,60
402,AI24081,AI302,91
403,AI24081,AI303,48
404,AI24081,AI304,48
405,AI24081,AI305,93
406,CSE24082,CSE401,58
407,CSE24082,CSE402,50
408,CSE24082,CSE403,80
409,CSE24082,CSE404,51
410,CSE24082,CSE405,65
411,CE24083,CE601,88
412,CE24083,CE602,50
413,CE24083,CE603,40
414,CE24083,CE604,44
415,CE24083,CE605,48
416,CSE24084,CSE701,75
417,CSE24084,CSE702,65
418,CSE24084,CSE703,43
419,CSE24084,CSE704,72
420,CSE24084,CSE705,94
421,IT24085,IT801,59
422,IT24085,IT802,89
423,IT24085,IT803,67
424,IT24085,IT804,44
425,IT24085,IT805,73
426,IT24086,IT801,87
427,IT24086,IT802,71
428,IT24086,IT803,70
429,IT24086,IT804,72
430,IT24086,IT805,84
431,ME24087,ME301,65
432,ME24087,ME302,55
433,ME24087,ME303,49
434,ME24087,ME304,46
435,ME24087,ME305,48
436,CSE24088,CSE101,44
437,CSE24088,CSE102,93
438,CSE24088,CSE103,40
439,CSE24088,CSE104,60
440,CSE24088,CSE105,65
441,CE24089,CE601,83
442,CE24089,CE602,73
443,CE24089,CE603,55
444,CE24089,CE604,85
445,CE24089,CE605,42
446,CE24090,CE701,81
447,CE24090,CE702,60
448,CE24090,CE703,44
449,CE24090,CE704,48
450,CE24090,CE705,86
451,AI24091,AI301,51
452,AI24091,AI302,48
453,AI24091,AI303,73
454,AI24091,AI304,53
455,AI24091,AI305,62
456,IT24092,IT101,89
457,IT24092,IT102,83
458,IT24092,IT103,71
459,IT24092,IT104,86
460,IT24092,IT105,87
461,CSE24093,CSE701,83
462,CSE24093,CSE702,44
463,CSE24093,CSE703,71
464,CSE24093,CSE704,100
465,CSE24093,CSE705,87
466,CSE24094,CSE401,46
467,CSE24094,CSE402,52
468,CSE24094,CSE403,93
469,CSE24094,CSE404,58
470,CSE24094,CSE405,61
471,CE24095,CE601,52
472,CE24095,CE602,89
473,CE24095,CE603,57
474,CE24095,CE604,52
475,CE24095,CE605,53
476,CE24096,CE201,50
477,CE24096,CE202,45
478,CE24096,CE203,64
479,CE24096,CE204,53
480,CE24096,CE205,88
481,ME24097,ME801,75
482,ME24097,ME802,67
483,ME24097,ME803,80
484,ME24097,ME804,62
485,ME24097,ME805,54
486,CE24098,CE101,72
487,CE24098,CE102,85
488,CE24098,CE103,66
489,CE24098,CE104,66
490,CE24098,CE105,43
491,CSE24099,CSE101,72
492,CSE24099,CSE102,70
493,CSE24099,CSE103,46
494,CSE24099,CSE104,67
495,CSE24099,CSE105,69
496,AI24100,AI801,43
497,AI24100,AI802,89
498,AI24100,AI803,86
499,AI24100,AI804,75
500,AI24100,AI805,79
501,AI24101,AI201,52
502,AI24101,AI202,64
503,AI24101,AI203,95
504,AI24101,AI204,82
505,AI24101,AI205,75
506,CSE24102,CSE801,65
507,CSE24102,CSE802,83
508,CSE24102,CSE803,91
509,CSE24102,CSE804,63
510,CSE24102,CSE805,63
511,ME24103,ME201,84
512,ME24103,ME202,99
513,ME24103,ME203,44
514,ME24103,ME204,63
515,ME24103,ME205,45
516,IT24104,IT701,94
517,IT24104,IT702,78
518,IT24104,IT703,82
519,IT24104,IT704,95
520,IT24104,IT705,56
521,CSE24105,CSE301,76
522,CSE24105,CSE302,53
523,CSE24105,CSE303,93
524,CSE24105,CSE304,49
525,CSE24105,CSE305,90
526,CSE24106,CSE501,88
527,CSE24106,CSE502,63
528,CSE24106,CSE503,69
529,CSE24106,CSE504,78
530,CSE24106,CSE505,44
531,AI24107,AI301,50
532,AI24107,AI302,92
533,AI24107,AI303,46
534,AI24107,AI304,42
535,AI24107,AI305,46
536,CE24108,CE401,59
537,CE24108,CE402,81
538,CE24108,CE403,74
539,CE24108,CE404,67
540,CE24108,CE405,99
541,CSE24109,CSE401,98
542,CSE24109,CSE402,81
543,CSE24109,CSE403,40
544,CSE24109,CSE404,54
545,CSE24109,CSE405,75
546,CSE24110,CSE701,86
547,CSE24110,CSE702,63
548,CSE24110,CSE703,84
549,CSE24110,CSE704,82
550,CSE24110,CSE705,46
551,IT24111,IT101,69
552,IT24111,IT102,85
553,IT24111,IT103,56
554,IT24111,IT104,87
555,IT24111,IT105,100
556,AI24112,AI601,93
557,AI24112,AI602,71
558,AI24112,AI603,49
559,AI24112,AI604,44
560,AI24112,AI605,49
561,IT24113,IT201,60
562,IT24113,IT202,63
563,IT24113,IT203,55
564,IT24113,IT204,100
565,IT24113,IT205,97
566,AI24114,AI601,86
567,AI24114,AI602,50
568,AI24114,AI603,50
569,AI24114,AI604,41
570,AI24114,AI605,88
571,ME24115,ME601,42
572,ME24115,ME602,96
573,ME24115,ME603,72
574,ME24115,ME604,63
575,ME24115,ME605,56
576,IT24116,IT501,82
577,IT24116,IT502,62
578,IT24116,IT503,94
579,IT24116,IT504,83
580,IT24116,IT505,43
581,AI24117,AI501,82
582,AI24117,AI502,80
583,AI24117,AI503,62
584,AI24117,AI504,92
585,AI24117,AI505,70
586,CE24118,CE401,79
587,CE24118,CE402,51
588,CE24118,CE403,72
589,CE24118,CE404,56
590,CE24118,CE405,72
591,CE24119,CE401,91
592,CE24119,CE402,65
593,CE24119,CE403,65
594,CE24119,CE404,86
595,CE24119,CE405,74
596,ME24120,ME601,46
597,ME24120,ME602,80
598,ME24120,ME603,84
599,ME24120,ME604,43
600,ME24120,ME605,70
601,CSE24121,CSE701,97
602,CSE24121,CSE702,49
603,CSE24121,CSE703,93
604,CSE24121,CSE704,68
605,CSE24121,CSE705,79
606,AI24122,AI401,40
607,AI24122,AI402,56
608,AI24122,AI403,96
609,AI24122,AI404,70
610,AI24122,AI405,66
611,CE24123,CE401,47
612,CE24123,CE402,91
613,CE24123,CE403,76
614,CE24123,CE404,89
615,CE24123,CE405,69
616,ME24124,ME801,97
617,ME24124,ME802,62
618,ME24124,ME803,74
619,ME24124,ME804,46
620,ME24124,ME805,51
621,CSE24125,CSE201,71
622,CSE24125,CSE202,46
623,CSE24125,CSE203,57
624,CSE24125,CSE204,79
625,CSE24125,CSE205,84
626,IT24126,IT201,74
627,IT24126,IT202,64
628,IT24126,IT203,72
629,IT24126,IT204,81
630,IT24126,IT205,59
631,CSE24127,CSE701,92
632,CSE24127,CSE702,92
633,CSE24127,CSE703,70
634,CSE24127,CSE704,51
635,CSE24127,CSE705,77
636,ME24128,ME301,40
637,ME24128,ME302,98
638,ME24128,ME303,62
639,ME24128,ME304,64
640,ME24128,ME305,62
641,ME24129,ME601,43
642,ME24129,ME602,58
643,ME24129,ME603,55
644,ME24129,ME604,83
645,ME24129,ME605,69
646,IT24130,IT601,100
647,IT24130,IT602,70
648,IT24130,IT603,75
649,IT24130,IT604,71
650,IT24130,IT605,81
651,IT24131,IT601,79
652,IT24131,IT602,71
653,IT24131,IT603,81
654,IT24131,IT604,74
655,IT24131,IT605,72
656,CSE24132,CSE801,82
657,CSE24132,CSE802,59
658,CSE24132,CSE803,54
659,CSE24132,CSE804,95
660,CSE24132,CSE805,41
661,CSE24133,CSE201,55
662,CSE24133,CSE202,79
663,CSE24133,CSE203,58
664,CSE24133,CSE204,52
665,CSE24133,CSE205,56
666,AI24134,AI601,68
667,AI24134,AI602,91
668,AI24134,AI603,43
669,AI24134,AI604,65
670,AI24134,AI605,88
671,CSE24135,CSE701,88
672,CSE24135,CSE702,52
673,CSE24135,CSE703,74
674,CSE24135,CSE704,75
675,CSE24135,CSE705,70
676,ME24136,ME501,72
677,ME24136,ME502,47
678,ME24136,ME503,40
679,ME24136,ME504,69
680,ME24136,ME505,82
681,CSE24137,CSE701,53
682,CSE24137,CSE702,91
683,CSE24137,CSE703,91
684,CSE24137,CSE704,64
685,CSE24137,CSE705,46
686,CE24138,CE301,98
687,CE24138,CE302,67
688,CE24138,CE303,62
689,CE24138,CE304,49
690,CE24138,CE305,90
691,IT24139,IT801,92
692,IT24139,IT802,81
693,IT24139,IT803,73
694,IT24139,IT804,99
695,IT24139,IT805,58
696,AI24140,AI201,54
697,AI24140,AI202,44
698,AI24140,AI203,80
699,AI24140,AI204,54
700,AI24140,AI205,50
701,IT24141,IT301,72
702,IT24141,IT302,45
703,IT24141,IT303,77
704,IT24141,IT304,56
705,IT24141,IT305,41
706,IT24142,IT301,66
707,IT24142,IT302,83
708,IT24142,IT303,47
709,IT24142,IT304,59
710,IT24142,IT305,45
711,AI24143,AI501,67
712,AI24143,AI502,71
713,AI24143,AI503,86
714,AI24143,AI504,55
715,AI24143,AI505,42
716,ME24144,ME401,40
717,ME24144,ME402,99
718,ME24144,ME403,57
719,ME24144,ME404,78
720,ME24144,ME405,85
721,CE24145,CE601,46
722,CE24145,CE602,99
723,CE24145,CE603,45
724,CE24145,CE604,68
725,CE24145,CE605,76
726,IT24146,IT201,88
727,IT24146,IT202,48
728,IT24146,IT203,46
729,IT24146,IT204,48
730,IT24146,IT205,72
731,IT24147,IT501,83
732,IT24147,IT502,65
733,IT24147,IT503,60
734,IT24147,IT504,43
735,IT24147,IT505,50
736,AI24148,AI801,98
737,AI24148,AI802,93
738,AI24148,AI803,50
739,AI24148,AI804,75
740,AI24148,AI805,75
741,CE24149,CE401,91
742,CE24149,CE402,48
743,CE24149,CE403,89
744,CE24149,CE404,64
745,CE24149,CE405,52
746,CSE24150,CSE301,49
747,CSE24150,CSE302,85
748,CSE24150,CSE303,66
749,CSE24150,CSE304,70
750,CSE24150,CSE305,82
751,CE24151,CE501,52
752,CE24151,CE502,47
753,CE24151,CE503,66
754,CE24151,CE504,41
755,CE24151,CE505,62
756,IT24152,IT801,73
757,IT24152,IT802,92
758,IT24152,IT803,50
759,IT24152,IT804,42
760,IT24152,IT805,59
761,ME24153,ME401,76
762,ME24153,ME402,81
763,ME24153,ME403,63
764,ME24153,ME404,61
765,ME24153,ME405,92
766,CSE24154,CSE201,50
767,CSE24154,CSE202,94
768,CSE24154,CSE203,57
769,CSE24154,CSE204,64
770,CSE24154,CSE205,72
771,CSE24155,CSE201,80
772,CSE24155,CSE202,46
773,CSE24155,CSE203,91
774,CSE24155,CSE204,70
775,CSE24155,CSE205,61
776,CE24156,CE601,72
777,CE24156,CE602,65
778,CE24156,CE603,98
779,CE24156,CE604,96
780,CE24156,CE605,96
781,IT24157,IT301,56
782,IT24157,IT302,47
783,IT24157,IT303,94
784,IT24157,IT304,95
785,IT24157,IT305,69
786,AI24158,AI301,96
787,AI24158,AI302,42
788,AI24158,AI303,67
789,AI24158,AI304,96
790,AI24158,AI305,52
791,CSE24159,CSE601,57
792,CSE24159,CSE602,69
793,CSE24159,CSE603,71
794,CSE24159,CSE604,42
795,CSE24159,CSE605,73
796,IT24160,IT701,40
797,IT24160,IT702,92
798,IT24160,IT703,53
799,IT24160,IT704,46
800,IT24160,IT705,68
801,IT24161,IT601,69
802,IT24161,IT602,87
803,IT24161,IT603,76
804,IT24161,IT604,41
805,IT24161,IT605,72
806,IT24162,IT501,80
807,IT24162,IT502,78
808,IT24162,IT503,59
809,IT24162,IT504,51
810,IT24162,IT505,45
811,CSE24163,CSE401,91
812,CSE24163,CSE402,73
813,CSE24163,CSE403,40
814,CSE24163,CSE404,74
815,CSE24163,CSE405,63
816,IT24164,IT501,83
817,IT24164,IT502,60
818,IT24164,IT503,78
819,IT24164,IT504,100
820,IT24164,IT505,45
821,IT24165,IT501,58
822,IT24165,IT502,73
823,IT24165,IT503,61
824,IT24165,IT504,42
825,IT24165,IT505,49
826,ME24166,ME701,60
827,ME24166,ME702,92
828,ME24166,ME703,88
829,ME24166,ME704,91
830,ME24166,ME705,88
831,AI24167,AI401,44
832,AI24167,AI402,96
833,AI24167,AI403,54
834,AI24167,AI404,70
835,AI24167,AI405,98
836,CE24168,CE201,45
837,CE24168,CE202,92
838,CE24168,CE203,41
839,CE24168,CE204,58
840,CE24168,CE205,83
841,CSE24169,CSE601,84
842,CSE24169,CSE602,89
843,CSE24169,CSE603,99
844,CSE24169,CSE604,77
845,CSE24169,CSE605,80
846,CSE24170,CSE401,91
847,CSE24170,CSE402,66
848,CSE24170,CSE403,99
849,CSE24170,CSE404,99
850,CSE24170,CSE405,78
851,IT24171,IT701,82
852,IT24171,IT702,81
853,IT24171,IT703,42
854,IT24171,IT704,53
855,IT24171,IT705,76
856,AI24172,AI301,47
857,AI24172,AI302,84
858,AI24172,AI303,67
859,AI24172,AI304,76
860,AI24172,AI305,65
861,ME24173,ME501,89
862,ME24173,ME502,59
863,ME24173,ME503,40
864,ME24173,ME504,50
865,ME24173,ME505,95
866,IT24174,IT601,97
867,IT24174,IT602,67
868,IT24174,IT603,96
869,IT24174,IT604,42
870,IT24174,IT605,76
871,CE24175,CE601,40
872,CE24175,CE602,68
873,CE24175,CE603,91
874,CE24175,CE604,47
875,CE24175,CE605,74
876,IT24176,IT301,63
877,IT24176,IT302,95
878,IT24176,IT303,92
879,IT24176,IT304,56
880,IT24176,IT305,49
881,ME24177,ME201,65
882,ME24177,ME202,49
883,ME24177,ME203,68
884,ME24177,ME204,67
885,ME24177,ME205,48
886,ME24178,ME301,69
887,ME24178,ME302,59
888,ME24178,ME303,48
889,ME24178,ME304,58
890,ME24178,ME305,99
891,ME24179,ME701,44
892,ME24179,ME702,75
893,ME24179,ME703,40
894,ME24179,ME704,67
895,ME24179,ME705,51
896,IT24180,IT201,41
897,IT24180,IT202,94
898,IT24180,IT203,58
899,IT24180,IT204,52
900,IT24180,IT205,42
901,ME24181,ME501,95
902,ME24181,ME502,54
903,ME24181,ME503,65
904,ME24181,ME504,89
905,ME24181,ME505,50
906,ME24182,ME201,97
907,ME24182,ME202,68
908,ME24182,ME203,61
909,ME24182,ME204,45
910,ME24182,ME205,82
911,CE24183,CE501,55
912,CE24183,CE502,83
913,CE24183,CE503,83
914,CE24183,CE504,89
915,CE24183,CE505,94
916,CSE24184,CSE701,50
917,CSE24184,CSE702,66
918,CSE24184,CSE703,99
919,CSE24184,CSE704,90
920,CSE24184,CSE705,85
921,IT24185,IT101,60
922,IT24185,IT102,90
923,IT24185,IT103,64
924,IT24185,IT104,77
925,IT24185,IT105,63
926,ME24186,ME701,83
927,ME24186,ME702,51
928,ME24186,ME703,69
929,ME24186,ME704,70
930,ME24186,ME705,49
931,AI24187,AI201,90
932,AI24187,AI202,61
933,AI24187,AI203,83
934,AI24187,AI204,100
935,AI24187,AI205,91
936,ME24188,ME101,61
937,ME24188,ME102,76
938,ME24188,ME103,100
939,ME24188,ME104,59
940,ME24188,ME105,99
941,ME24189,ME101,93
942,ME24189,ME102,67
943,ME24189,ME103,93
944,ME24189,ME104,61
945,ME24189,ME105,66
946,AI24190,AI201,74
947,AI24190,AI202,61
948,AI24190,AI203,52
949,AI24190,AI204,94
950,AI24190,AI205,83
951,ME24191,ME701,46
952,ME24191,ME702,84
953,ME24191,ME703,44
954,ME24191,ME704,97
955,ME24191,ME705,65
956,ME24192,ME501,83
957,ME24192,ME502,64
958,ME24192,ME503,61
959,ME24192,ME504,42
960,ME24192,ME505,60
961,CE24193,CE201,43
962,CE24193,CE202,93
963,CE24193,CE203,88
964,CE24193,CE204,80
965,CE24193,CE205,84
966,AI24194,AI201,99
967,AI24194,AI202,73
968,AI24194,AI203,48
969,AI24194,AI204,85
970,AI24194,AI205,86
971,AI24195,AI801,59
972,AI24195,AI802,78
973,AI24195,AI803,84
974,AI24195,AI804,68
975,AI24195,AI805,79
976,AI24196,AI501,76
977,AI24196,AI502,100
978,AI24196,AI503,91
979,AI24196,AI504,97
980,AI24196,AI505,51
981,CSE24197,CSE201,93
982,CSE24197,CSE202,51
983,CSE24197,CSE203,86
984,CSE24197,CSE204,100
985,CSE24197,CSE205,63
986,CE24198,CE601,77
987,CE24198,CE602,85
988,CE24198,CE603,73
989,CE24198,CE604,74
990,CE24198,CE605,89
991,ME24199,ME601,79
992,ME24199,ME602,70
993,ME24199,ME603,76
994,ME24199,ME604,87
995,ME24199,ME605,79
996,AI24200,AI101,66
997,AI24200,AI102,54
998,AI24200,AI103,76
999,AI24200,AI104,67
1000,AI24200,AI105,49
1001,ME24201,ME401,44
1002,ME24201,ME402,58
1003,ME24201,ME403,50
1004,ME24201,ME404,70
1005,ME24201,ME405,74
1006,ME24202,ME801,43
1007,ME24202,ME802,83
1008,ME24202,ME803,86
1009,ME24202,ME804,65
1010,ME24202,ME805,63
1011,CSE24203,CSE101,65
1012,CSE24203,CSE102,60
1013,CSE24203,CSE103,54
1014,CSE24203,CSE104,84
1015,CSE24203,CSE105,45
1016,AI24204,AI101,41
1017,AI24204,AI102,92
1018,AI24204,AI103,70
1019,AI24204,AI104,63
1020,AI24204,AI105,62
1021,CSE24205,CSE601,73
1022,CSE24205,CSE602,59
1023,CSE24205,CSE603,82
1024,CSE24205,CSE604,71
1025,CSE24205,CSE605,85
1026,CE24206,CE301,97
1027,CE24206,CE302,87
1028,CE24206,CE303,78
1029,CE24206,CE304,88
1030,CE24206,CE305,92
1031,CSE24207,CSE501,75
1032,CSE24207,CSE502,80
1033,CSE24207,CSE503,54
1034,CSE24207,CSE504,88
1035,CSE24207,CSE505,69
1036,IT24208,IT801,97
1037,IT24208,IT802,89
1038,IT24208,IT803,78
1039,IT24208,IT804,43
1040,IT24208,IT805,44
1041,CE24209,CE301,58
1042,CE24209,CE302,71
1043,CE24209,CE303,81
1044,CE24209,CE304,61
1045,CE24209,CE305,60
1046,AI24210,AI401,45
1047,AI24210,AI402,64
1048,AI24210,AI403,92
1049,AI24210,AI404,62
1050,AI24210,AI405,84
1051,IT24211,IT801,71
1052,IT24211,IT802,52
1053,IT24211,IT803,87
1054,IT24211,IT804,45
1055,IT24211,IT805,52
1056,AI24212,AI201,89
1057,AI24212,AI202,86
1058,AI24212,AI203,82
1059,AI24212,AI204,46
1060,AI24212,AI205,53
1061,AI24213,AI601,98
1062,AI24213,AI602,85
1063,AI24213,AI603,55
1064,AI24213,AI604,85
1065,AI24213,AI605,82
1066,CSE24214,CSE201,63
1067,CSE24214,CSE202,58
1068,CSE24214,CSE203,60
1069,CSE24214,CSE204,56
1070,CSE24214,CSE205,78
1071,ME24215,ME301,54
1072,ME24215,ME302,61
1073,ME24215,ME303,66
1074,ME24215,ME304,84
1075,ME24215,ME305,54
1076,AI24216,AI201,59
1077,AI24216,AI202,79
1078,AI24216,AI203,42
1079,AI24216,AI204,85
1080,AI24216,AI205,40
1081,AI24217,AI301,55
1082,AI24217,AI302,84
1083,AI24217,AI303,50
1084,AI24217,AI304,45
1085,AI24217,AI305,78
1086,IT24218,IT401,77
1087,IT24218,IT402,55
1088,IT24218,IT403,80
1089,IT24218,IT404,55
1090,IT24218,IT405,100
1091,IT24219,IT501,59
1092,IT24219,IT502,93
1093,IT24219,IT503,74
1094,IT24219,IT504,88
1095,IT24219,IT505,56
1096,AI24220,AI201,57
1097,AI24220,AI202,66
1098,AI24220,AI203,86
1099,AI24220,AI204,83
1100,AI24220,AI205,73
1101,IT24221,IT301,68
1102,IT24221,IT302,85
1103,IT24221,IT303,74
1104,IT24221,IT304,54
1105,IT24221,IT305,79
1106,CE24222,CE101,50
1107,CE24222,CE102,75
1108,CE24222,CE103,56
1109,CE24222,CE104,82
1110,CE24222,CE105,72
1111,IT24223,IT601,40
1112,IT24223,IT602,98
1113,IT24223,IT603,90
1114,IT24223,IT604,68
1115,IT24223,IT605,84
1116,AI24224,AI201,71
1117,AI24224,AI202,67
1118,AI24224,AI203,98
1119,AI24224,AI204,53
1120,AI24224,AI205,69
1121,CE24225,CE501,62
1122,CE24225,CE502,55
1123,CE24225,CE503,40
1124,CE24225,CE504,81
1125,CE24225,CE505,60
1126,IT24226,IT301,95
1127,IT24226,IT302,47
1128,IT24226,IT303,74
1129,IT24226,IT304,90
1130,IT24226,IT305,72
1131,CSE24227,CSE701,86
1132,CSE24227,CSE702,56
1133,CSE24227,CSE703,43
1134,CSE24227,CSE704,86
1135,CSE24227,CSE705,89
1136,ME24228,ME501,40
1137,ME24228,ME502,89
1138,ME24228,ME503,95
1139,ME24228,ME504,58
1140,ME24228,ME505,79
1141,IT24229,IT801,65
1142,IT24229,IT802,79
1143,IT24229,IT803,80
1144,IT24229,IT804,57
1145,IT24229,IT805,86
1146,CSE24230,CSE501,80
1147,CSE24230,CSE502,46
1148,CSE24230,CSE503,50
1149,CSE24230,CSE504,80
1150,CSE24230,CSE505,100
1151,AI24231,AI401,55
1152,AI24231,AI402,66
1153,AI24231,AI403,73
1154,AI24231,AI404,56
1155,AI24231,AI405,75
1156,IT24232,IT301,47
1157,IT24232,IT302,69
1158,IT24232,IT303,61
1159,IT24232,IT304,41
1160,IT24232,IT305,54
1161,CSE24233,CSE701,61
1162,CSE24233,CSE702,79
1163,CSE24233,CSE703,69
1164,CSE24233,CSE704,70
1165,CSE24233,CSE705,44
1166,IT24234,IT101,49
1167,IT24234,IT102,48
1168,IT24234,IT103,98
1169,IT24234,IT104,48
1170,IT24234,IT105,55
1171,ME24235,ME801,73
1172,ME24235,ME802,68
1173,ME24235,ME803,64
1174,ME24235,ME804,56
1175,ME24235,ME805,78
1176,AI24236,AI401,53
1177,AI24236,AI402,72
1178,AI24236,AI403,42
1179,AI24236,AI404,45
1180,AI24236,AI405,62
1181,AI24237,AI401,70
1182,AI24237,AI402,62
1183,AI24237,AI403,70
1184,AI24237,AI404,68
1185,AI24237,AI405,98
1186,CE24238,CE801,55
1187,CE24238,CE802,79
1188,CE24238,CE803,96
1189,CE24238,CE804,93
1190,CE24238,CE805,75
1191,CE24239,CE701,59
1192,CE24239,CE702,94
1193,CE24239,CE703,51
1194,CE24239,CE704,62
1195,CE24239,CE705,53
1196,IT24240,IT201,42
1197,IT24240,IT202,55
1198,IT24240,IT203,82
1199,IT24240,IT204,93
1200,IT24240,IT205,66
1201,IT24241,IT801,72
1202,IT24241,IT802,75
1203,IT24241,IT803,42
1204,IT24241,IT804,56
1205,IT24241,IT805,56
1206,ME24242,ME501,46
1207,ME24242,ME502,72
1208,ME24242,ME503,81
1209,ME24242,ME504,95
1210,ME24242,ME505,71
1211,CE24243,CE201,93
1212,CE24243,CE202,69
1213,CE24243,CE203,66
1214,CE24243,CE204,69
1215,CE24243,CE205,42
1216,CE24244,CE801,76
1217,CE24244,CE802,56
1218,CE24244,CE803,63
1219,CE24244,CE804,72
1220,CE24244,CE805,93
1221,IT24245,IT701,96
1222,IT24245,IT702,83
1223,IT24245,IT703,85
1224,IT24245,IT704,89
1225,IT24245,IT705,79
1226,ME24246,ME701,53
1227,ME24246,ME702,82
1228,ME24246,ME703,89
1229,ME24246,ME704,46
1230,ME24246,ME705,83
1231,ME24247,ME701,58
1232,ME24247,ME702,96
1233,ME24247,ME703,67
1234,ME24247,ME704,67
1235,ME24247,ME705,96
1236,ME24248,ME801,67
1237,ME24248,ME802,60
1238,ME24248,ME803,64
1239,ME24248,ME804,91
1240,ME24248,ME805,43
1241,IT24249,IT701,92
1242,IT24249,IT702,93
1243,IT24249,IT703,49
1244,IT24249,IT704,43
1245,IT24249,IT705,75
1246,CSE24250,CSE101,58
1247,CSE24250,CSE102,66
1248,CSE24250,CSE103,50
1249,CSE24250,CSE104,89
1250,CSE24250,CSE105,46
1251,ME24251,ME101,77
1252,ME24251,ME102,66
1253,ME24251,ME103,81
1254,ME24251,ME104,54
1255,ME24251,ME105,92
1256,CSE24252,CSE801,55
1257,CSE24252,CSE802,85
1258,CSE24252,CSE803,48
1259,CSE24252,CSE804,70
1260,CSE24252,CSE805,56
1261,CE24253,CE601,82
1262,CE24253,CE602,55
1263,CE24253,CE603,82
1264,CE24253,CE604,100
1265,CE24253,CE605,72
1266,IT24254,IT101,97
1267,IT24254,IT102,74
1268,IT24254,IT103,47
1269,IT24254,IT104,75
1270,IT24254,IT105,64
1271,AI24255,AI201,69
1272,AI24255,AI202,56
1273,AI24255,AI203,74
1274,AI24255,AI204,61
1275,AI24255,AI205,95
1276,CSE24256,CSE501,82
1277,CSE24256,CSE502,57
1278,CSE24256,CSE503,74
1279,CSE24256,CSE504,46
1280,CSE24256,CSE505,95
1281,ME24257,ME301,71
1282,ME24257,ME302,91
1283,ME24257,ME303,98
1284,ME24257,ME304,60
1285,ME24257,ME305,90
1286,CSE24258,CSE201,53
1287,CSE24258,CSE202,53
1288,CSE24258,CSE203,76
1289,CSE24258,CSE204,70
1290,CSE24258,CSE205,77
1291,AI24259,AI601,70
1292,AI24259,AI602,80
1293,AI24259,AI603,41
1294,AI24259,AI604,73
1295,AI24259,AI605,44
1296,AI24260,AI501,58
1297,AI24260,AI502,73
1298,AI24260,AI503,72
1299,AI24260,AI504,86
1300,AI24260,AI505,58
1301,ME24261,ME601,49
1302,ME24261,ME602,76
1303,ME24261,ME603,96
1304,ME24261,ME604,75
1305,ME24261,ME605,64
1306,ME24262,ME801,49
1307,ME24262,ME802,90
1308,ME24262,ME803,88
1309,ME24262,ME804,59
1310,ME24262,ME805,98
1311,CE24263,CE601,42
1312,CE24263,CE602,48
1313,CE24263,CE603,71
1314,CE24263,CE604,97
1315,CE24263,CE605,53
1316,AI24264,AI501,81
1317,AI24264,AI502,84
1318,AI24264,AI503,73
1319,AI24264,AI504,73
1320,AI24264,AI505,88
1321,CSE24265,CSE101,99
1322,CSE24265,CSE102,50
1323,CSE24265,CSE103,68
1324,CSE24265,CSE104,63
1325,CSE24265,CSE105,95
1326,CSE24266,CSE201,45
1327,CSE24266,CSE202,72
1328,CSE24266,CSE203,56
1329,CSE24266,CSE204,96
1330,CSE24266,CSE205,46
1331,AI24267,AI201,76
1332,AI24267,AI202,71
1333,AI24267,AI203,97
1334,AI24267,AI204,85
1335,AI24267,AI205,89
1336,CE24268,CE701,74
1337,CE24268,CE702,95
1338,CE24268,CE703,67
1339,CE24268,CE704,68
1340,CE24268,CE705,65
1341,ME24269,ME501,51
1342,ME24269,ME502,97
1343,ME24269,ME503,67
1344,ME24269,ME504,72
1345,ME24269,ME505,74
1346,CSE24270,CSE701,95
1347,CSE24270,CSE702,48
1348,CSE24270,CSE703,99
1349,CSE24270,CSE704,40
1350,CSE24270,CSE705,43
1351,ME24271,ME101,80
1352,ME24271,ME102,51
1353,ME24271,ME103,65
1354,ME24271,ME104,61
1355,ME24271,ME105,81
1356,AI24272,AI501,54
1357,AI24272,AI502,85
1358,AI24272,AI503,60
1359,AI24272,AI504,78
1360,AI24272,AI505,45
1361,ME24273,ME401,46
1362,ME24273,ME402,64
1363,ME24273,ME403,64
1364,ME24273,ME404,66
1365,ME24273,ME405,99
1366,AI24274,AI601,54
1367,AI24274,AI602,75
1368,AI24274,AI603,43
1369,AI24274,AI604,97
1370,AI24274,AI605,79
1371,AI24275,AI601,77
1372,AI24275,AI602,80
1373,AI24275,AI603,89
1374,AI24275,AI604,54
1375,AI24275,AI605,93
1376,AI24276,AI201,75
1377,AI24276,AI202,96
1378,AI24276,AI203,58
1379,AI24276,AI204,43
1380,AI24276,AI205,79
1381,ME24277,ME801,79
1382,ME24277,ME802,54
1383,ME24277,ME803,79
1384,ME24277,ME804,70
1385,ME24277,ME805,55
1386,ME24278,ME601,71
1387,ME24278,ME602,58
1388,ME24278,ME603,40
1389,ME24278,ME604,84
1390,ME24278,ME605,92
1391,CSE24279,CSE601,54
1392,CSE24279,CSE602,99
1393,CSE24279,CSE603,78
1394,CSE24279,CSE604,77
1395,CSE24279,CSE605,56
1396,AI24280,AI301,71
1397,AI24280,AI302,40
1398,AI24280,AI303,69
1399,AI24280,AI304,60
1400,AI24280,AI305,88
1401,IT24281,IT601,47
1402,IT24281,IT602,46
1403,IT24281,IT603,92
1404,IT24281,IT604,45
1405,IT24281,IT605,78
1406,IT24282,IT601,98
1407,IT24282,IT602,98
1408,IT24282,IT603,57
1409,IT24282,IT604,42
1410,IT24282,IT605,59
1411,CSE24283,CSE201,80
1412,CSE24283,CSE202,85
1413,CSE24283,CSE203,90
1414,CSE24283,CSE204,50
1415,CSE24283,CSE205,55
1416,IT24284,IT101,100
1417,IT24284,IT102,96
1418,IT24284,IT103,71
1419,IT24284,IT104,58
1420,IT24284,IT105,72
1421,CE24285,CE401,78
1422,CE24285,CE402,92
1423,CE24285,CE403,61
1424,CE24285,CE404,92
1425,CE24285,CE405,84
1426,AI24286,AI301,100
1427,AI24286,AI302,53
1428,AI24286,AI303,76
1429,AI24286,AI304,77
1430,AI24286,AI305,96
1431,CSE24287,CSE501,69
1432,CSE24287,CSE502,84
1433,CSE24287,CSE503,100
1434,CSE24287,CSE504,44
1435,CSE24287,CSE505,84
1436,AI24288,AI801,47
1437,AI24288,AI802,85
1438,AI24288,AI803,83
1439,AI24288,AI804,91
1440,AI24288,AI805,60
1441,CSE24289,CSE501,55
1442,CSE24289,CSE502,46
1443,CSE24289,CSE503,86
1444,CSE24289,CSE504,72
1445,CSE24289,CSE505,70
1446,CSE24290,CSE401,83
1447,CSE24290,CSE402,58
1448,CSE24290,CSE403,40
1449,CSE24290,CSE404,77
1450,CSE24290,CSE405,82
1451,CE24291,CE401,52
1452,CE24291,CE402,99
1453,CE24291,CE403,53
1454,CE24291,CE404,92
1455,CE24291,CE405,52
1456,CE24292,CE301,100
1457,CE24292,CE302,41
1458,CE24292,CE303,44
1459,CE24292,CE304,61
1460,CE24292,CE305,52
1461,CSE24293,CSE701,50
1462,CSE24293,CSE702,83
1463,CSE24293,CSE703,72
1464,CSE24293,CSE704,44
1465,CSE24293,CSE705,68
1466,AI24294,AI801,70
1467,AI24294,AI802,100
1468,AI24294,AI803,85
1469,AI24294,AI804,43
1470,AI24294,AI805,50
1471,ME24295,ME701,60
1472,ME24295,ME702,81
1473,ME24295,ME703,79
1474,ME24295,ME704,66
1475,ME24295,ME705,43
1476,IT24296,IT101,52
1477,IT24296,IT102,97
1478,IT24296,IT103,55
1479,IT24296,IT104,94
1480,IT24296,IT105,56
1481,AI24297,AI201,95
1482,AI24297,AI202,79
1483,AI24297,AI203,67
1484,AI24297,AI204,47
1485,AI24297,AI205,53
1486,CE24298,CE601,87
1487,CE24298,CE602,83
1488,CE24298,CE603,62
1489,CE24298,CE604,43
1490,CE24298,CE605,42
1491,ME24299,ME401,43
1492,ME24299,ME402,93
1493,ME24299,ME403,68
1494,ME24299,ME404,76
1495,ME24299,ME405,56
1496,CE24300,CE801,53
1497,CE24300,CE802,66
1498,CE24300,CE803,63
1499,CE24300,CE804,63
1500,CE24300,CE805,58
1501,IT24301,IT801,86
1502,IT24301,IT802,49
1503,IT24301,IT803,91
1504,IT24301,IT804,87
1505,IT24301,IT805,68
1506,ME24302,ME101,64
1507,ME24302,ME102,44
1508,ME24302,ME103,65
1509,ME24302,ME104,81
1510,ME24302,ME105,40
1511,ME24303,ME701,71
1512,ME24303,ME702,81
1513,ME24303,ME703,62
1514,ME24303,ME704,67
1515,ME24303,ME705,97
1516,CE24304,CE401,72
1517,CE24304,CE402,87
1518,CE24304,CE403,80
1519,CE24304,CE404,54
1520,CE24304,CE405,77
1521,IT24305,IT701,88
1522,IT24305,IT702,94
1523,IT24305,IT703,93
1524,IT24305,IT704,49
1525,IT24305,IT705,77
1526,IT24306,IT201,48
1527,IT24306,IT202,91
1528,IT24306,IT203,92
1529,IT24306,IT204,81
1530,IT24306,IT205,90
1531,ME24307,ME101,55
1532,ME24307,ME102,40
1533,ME24307,ME103,63
1534,ME24307,ME104,97
1535,ME24307,ME105,79
1536,CE24308,CE301,94
1537,CE24308,CE302,85
1538,CE24308,CE303,100
1539,CE24308,CE304,46
1540,CE24308,CE305,59
1541,IT24309,IT201,65
1542,IT24309,IT202,79
1543,IT24309,IT203,48
1544,IT24309,IT204,41
1545,IT24309,IT205,95
1546,CE24310,CE101,98
1547,CE24310,CE102,48
1548,CE24310,CE103,84
1549,CE24310,CE104,60
1550,CE24310,CE105,80
1551,IT24311,IT801,98
1552,IT24311,IT802,50
1553,IT24311,IT803,75
1554,IT24311,IT804,40
1555,IT24311,IT805,84
1556,AI24312,AI801,55
1557,AI24312,AI802,98
1558,AI24312,AI803,62
1559,AI24312,AI804,86
1560,AI24312,AI805,57
1561,CSE24313,CSE601,100
1562,CSE24313,CSE602,78
1563,CSE24313,CSE603,43
1564,CSE24313,CSE604,71
1565,CSE24313,CSE605,74
1566,ME24314,ME701,72
1567,ME24314,ME702,78
1568,ME24314,ME703,76
1569,ME24314,ME704,75
1570,ME24314,ME705,49
1571,CSE24315,CSE201,92
1572,CSE24315,CSE202,60
1573,CSE24315,CSE203,94
1574,CSE24315,CSE204,72
1575,CSE24315,CSE205,60
1576,CE24316,CE501,97
1577,CE24316,CE502,92
1578,CE24316,CE503,83
1579,CE24316,CE504,49
1580,CE24316,CE505,77
1581,AI24317,AI601,80
1582,AI24317,AI602,78
1583,AI24317,AI603,59
1584,AI24317,AI604,98
1585,AI24317,AI605,48
1586,CSE24318,CSE301,98
1587,CSE24318,CSE302,94
1588,CSE24318,CSE303,58
1589,CSE24318,CSE304,52
1590,CSE24318,CSE305,53
1591,ME24319,ME501,99
1592,ME24319,ME502,58
1593,ME24319,ME503,84
1594,ME24319,ME504,85
1595,ME24319,ME505,54
1596,IT24320,IT401,45
1597,IT24320,IT402,92
1598,IT24320,IT403,81
1599,IT24320,IT404,100
1600,IT24320,IT405,90
1601,IT24321,IT201,82
1602,IT24321,IT202,75
1603,IT24321,IT203,79
1604,IT24321,IT204,66
1605,IT24321,IT205,100
1606,ME24322,ME101,63
1607,ME24322,ME102,41
1608,ME24322,ME103,73
1609,ME24322,ME104,44
1610,ME24322,ME105,93
1611,CSE24323,CSE101,88
1612,CSE24323,CSE102,65
1613,CSE24323,CSE103,74
1614,CSE24323,CSE104,78
1615,CSE24323,CSE105,86
1616,IT24324,IT301,40
1617,IT24324,IT302,75
1618,IT24324,IT303,47
1619,IT24324,IT304,73
1620,IT24324,IT305,75
1621,CSE24325,CSE801,56
1622,CSE24325,CSE802,54
1623,CSE24325,CSE803,62
1624,CSE24325,CSE804,63
1625,CSE24325,CSE805,58
1626,IT24326,IT701,87
1627,IT24326,IT702,42
1628,IT24326,IT703,43
1629,IT24326,IT704,76
1630,IT24326,IT705,64
1631,IT24327,IT201,79
1632,IT24327,IT202,69
1633,IT24327,IT203,82
1634,IT24327,IT204,96
1635,IT24327,IT205,58
1636,IT24328,IT101,69
1637,IT24328,IT102,87
1638,IT24328,IT103,80
1639,IT24328,IT104,71
1640,IT24328,IT105,73
1641,CSE24329,CSE701,79
1642,CSE24329,CSE702,90
1643,CSE24329,CSE703,73
1644,CSE24329,CSE704,47
1645,CSE24329,CSE705,61
1646,ME24330,ME501,85
1647,ME24330,ME502,46
1648,ME24330,ME503,91
1649,ME24330,ME504,93
1650,ME24330,ME505,87
1651,CSE24331,CSE301,49
1652,CSE24331,CSE302,100
1653,CSE24331,CSE303,42
1654,CSE24331,CSE304,74
1655,CSE24331,CSE305,91
1656,IT24332,IT101,84
1657,IT24332,IT102,92
1658,IT24332,IT103,99
1659,IT24332,IT104,46
1660,IT24332,IT105,96
1661,IT24333,IT801,86
1662,IT24333,IT802,84
1663,IT24333,IT803,85
1664,IT24333,IT804,72
1665,IT24333,IT805,63
1666,CE24334,CE401,57
1667,CE24334,CE402,65
1668,CE24334,CE403,42
1669,CE24334,CE404,58
1670,CE24334,CE405,69
1671,IT24335,IT401,79
1672,IT24335,IT402,92
1673,IT24335,IT403,90
1674,IT24335,IT404,51
1675,IT24335,IT405,96
1676,ME24336,ME401,68
1677,ME24336,ME402,80
1678,ME24336,ME403,61
1679,ME24336,ME404,52
1680,ME24336,ME405,55
1681,CE24337,CE701,54
1682,CE24337,CE702,88
1683,CE24337,CE703,52
1684,CE24337,CE704,51
1685,CE24337,CE705,46
1686,IT24338,IT601,66
1687,IT24338,IT602,63
1688,IT24338,IT603,100
1689,IT24338,IT604,63
1690,IT24338,IT605,61
1691,ME24339,ME801,41
1692,ME24339,ME802,78
1693,ME24339,ME803,54
1694,ME24339,ME804,46
1695,ME24339,ME805,56
1696,AI24340,AI501,91
1697,AI24340,AI502,93
1698,AI24340,AI503,56
1699,AI24340,AI504,75
1700,AI24340,AI505,57
1701,ME24341,ME401,46
1702,ME24341,ME402,70
1703,ME24341,ME403,84
1704,ME24341,ME404,85
1705,ME24341,ME405,75
1706,CSE24342,CSE601,93
1707,CSE24342,CSE602,41
1708,CSE24342,CSE603,57
1709,CSE24342,CSE604,58
1710,CSE24342,CSE605,73
1711,ME24343,ME101,67
1712,ME24343,ME102,40
1713,ME24343,ME103,68
1714,ME24343,ME104,89
1715,ME24343,ME105,60
1716,IT24344,IT701,41
1717,IT24344,IT702,47
1718,IT24344,IT703,98
1719,IT24344,IT704,58
1720,IT24344,IT705,75
1721,CSE24345,CSE701,69
1722,CSE24345,CSE702,72
1723,CSE24345,CSE703,90
1724,CSE24345,CSE704,40
1725,CSE24345,CSE705,87
1726,ME24346,ME501,83
1727,ME24346,ME502,71
1728,ME24346,ME503,51
1729,ME24346,ME504,98
1730,ME24346,ME505,97
1731,CE24347,CE101,84
1732,CE24347,CE102,83
1733,CE24347,CE103,97
1734,CE24347,CE104,83
1735,CE24347,CE105,51
1736,CE24348,CE401,49
1737,CE24348,CE402,63
1738,CE24348,CE403,97
1739,CE24348,CE404,54
1740,CE24348,CE405,76
1741,AI24349,AI101,86
1742,AI24349,AI102,77
1743,AI24349,AI103,95
1744,AI24349,AI104,75
1745,AI24349,AI105,83
1746,IT24350,IT401,99
1747,IT24350,IT402,96
1748,IT24350,IT403,80
1749,IT24350,IT404,84
1750,IT24350,IT405,95
1751,CE24351,CE201,66
1752,CE24351,CE202,100
1753,CE24351,CE203,68
1754,CE24351,CE204,84
1755,CE24351,CE205,68
1756,AI24352,AI601,85
1757,AI24352,AI602,77
1758,AI24352,AI603,70
1759,AI24352,AI604,84
1760,AI24352,AI605,73
1761,CE24353,CE801,62
1762,CE24353,CE802,71
1763,CE24353,CE803,98
1764,CE24353,CE804,70
1765,CE24353,CE805,84
1766,CE24354,CE701,89
1767,CE24354,CE702,86
1768,CE24354,CE703,67
1769,CE24354,CE704,52
1770,CE24354,CE705,71
1771,AI24355,AI101,96
1772,AI24355,AI102,96
1773,AI24355,AI103,94
1774,AI24355,AI104,94
1775,AI24355,AI105,47
1776,ME24356,ME801,92
1777,ME24356,ME802,66
1778,ME24356,ME803,40
1779,ME24356,ME804,73
1780,ME24356,ME805,99
1781,CE24357,CE201,54
1782,CE24357,CE202,66
1783,CE24357,CE203,42
1784,CE24357,CE204,77
1785,CE24357,CE205,55
1786,IT24358,IT101,85
1787,IT24358,IT102,88
1788,IT24358,IT103,71
1789,IT24358,IT104,100
1790,IT24358,IT105,61
1791,AI24359,AI101,44
1792,AI24359,AI102,74
1793,AI24359,AI103,89
1794,AI24359,AI104,85
1795,AI24359,AI105,86
1796,ME24360,ME601,72
1797,ME24360,ME602,90
1798,ME24360,ME603,85
1799,ME24360,ME604,52
1800,ME24360,ME605,75
1801,IT24361,IT401,94
1802,IT24361,IT402,82
1803,IT24361,IT403,85
1804,IT24361,IT404,46
1805,IT24361,IT405,72
1806,IT24362,IT301,69
1807,IT24362,IT302,50
1808,IT24362,IT303,86
1809,IT24362,IT304,94
1810,IT24362,IT305,81
1811,AI24363,AI801,49
1812,AI24363,AI802,81
1813,AI24363,AI803,57
1814,AI24363,AI804,72
1815,AI24363,AI805,90
1816,ME24364,ME201,53
1817,ME24364,ME202,51
1818,ME24364,ME203,58
1819,ME24364,ME204,89
1820,ME24364,ME205,48
1821,IT24365,IT601,74
1822,IT24365,IT602,40
1823,IT24365,IT603,46
1824,IT24365,IT604,41
1825,IT24365,IT605,92
1826,ME24366,ME401,71
1827,ME24366,ME402,78
1828,ME24366,ME403,97
1829,ME24366,ME404,46
1830,ME24366,ME405,56
1831,ME24367,ME101,78
1832,ME24367,ME102,49
1833,ME24367,ME103,51
1834,ME24367,ME104,51
1835,ME24367,ME105,72
1836,AI24368,AI801,42
1837,AI24368,AI802,47
1838,AI24368,AI803,82
1839,AI24368,AI804,53
1840,AI24368,AI805,91
1841,IT24369,IT801,64
1842,IT24369,IT802,46
1843,IT24369,IT803,65
1844,IT24369,IT804,75
1845,IT24369,IT805,50
1846,AI24370,AI101,63
1847,AI24370,AI102,76
1848,AI24370,AI103,69
1849,AI24370,AI104,91
1850,AI24370,AI105,43
1851,AI24371,AI201,68
1852,AI24371,AI202,75
1853,AI24371,AI203,84
1854,AI24371,AI204,60
1855,AI24371,AI205,100
1856,CSE24372,CSE601,51
1857,CSE24372,CSE602,43
1858,CSE24372,CSE603,93
1859,CSE24372,CSE604,55
1860,CSE24372,CSE605,98
1861,ME24373,ME701,66
1862,ME24373,ME702,75
1863,ME24373,ME703,92
1864,ME24373,ME704,72
1865,ME24373,ME705,50
1866,ME24374,ME301,85
1867,ME24374,ME302,85
1868,ME24374,ME303,78
1869,ME24374,ME304,91
1870,ME24374,ME305,61
1871,AI24375,AI701,83
1872,AI24375,AI702,100
1873,AI24375,AI703,48
1874,AI24375,AI704,62
1875,AI24375,AI705,95
1876,IT24376,IT401,70
1877,IT24376,IT402,40
1878,IT24376,IT403,81
1879,IT24376,IT404,62
1880,IT24376,IT405,60
1881,CE24377,CE601,90
1882,CE24377,CE602,78
1883,CE24377,CE603,76
1884,CE24377,CE604,42
1885,CE24377,CE605,96
1886,CSE24378,CSE401,59
1887,CSE24378,CSE402,60
1888,CSE24378,CSE403,64
1889,CSE24378,CSE404,76
1890,CSE24378,CSE405,53
1891,CE24379,CE401,54
1892,CE24379,CE402,41
1893,CE24379,CE403,84
1894,CE24379,CE404,70
1895,CE24379,CE405,73
1896,ME24380,ME401,96
1897,ME24380,ME402,94
1898,ME24380,ME403,65
1899,ME24380,ME404,85
1900,ME24380,ME405,69
1901,ME24381,ME501,80
1902,ME24381,ME502,42
1903,ME24381,ME503,58
1904,ME24381,ME504,100
1905,ME24381,ME505,97
1906,IT24382,IT101,89
1907,IT24382,IT102,55
1908,IT24382,IT103,80
1909,IT24382,IT104,56
1910,IT24382,IT105,90
1911,IT24383,IT601,98
1912,IT24383,IT602,94
1913,IT24383,IT603,61
1914,IT24383,IT604,89
1915,IT24383,IT605,73
1916,CE24384,CE601,52
1917,CE24384,CE602,95
1918,CE24384,CE603,48
1919,CE24384,CE604,69
1920,CE24384,CE605,53
1921,IT24385,IT201,50
1922,IT24385,IT202,90
1923,IT24385,IT203,80
1924,IT24385,IT204,71
1925,IT24385,IT205,73
1926,AI24386,AI201,86
1927,AI24386,AI202,77
1928,AI24386,AI203,51
1929,AI24386,AI204,51
1930,AI24386,AI205,45
1931,ME24387,ME301,66
1932,ME24387,ME302,77
1933,ME24387,ME303,84
1934,ME24387,ME304,63
1935,ME24387,ME305,69
1936,CE24388,CE801,67
1937,CE24388,CE802,96
1938,CE24388,CE803,43
1939,CE24388,CE804,99
1940,CE24388,CE805,74
1941,CE24389,CE601,87
1942,CE24389,CE602,41
1943,CE24389,CE603,61
1944,CE24389,CE604,91
1945,CE24389,CE605,61
1946,AI24390,AI401,45
1947,AI24390,AI402,56
1948,AI24390,AI403,98
1949,AI24390,AI404,84
1950,AI24390,AI405,80
1951,ME24391,ME301,60
1952,ME24391,ME302,98
1953,ME24391,ME303,72
1954,ME24391,ME304,76
1955,ME24391,ME305,50
1956,ME24392,ME301,89
1957,ME24392,ME302,62
1958,ME24392,ME303,52
1959,ME24392,ME304,67
1960,ME24392,ME305,94
1961,IT24393,IT701,74
1962,IT24393,IT702,93
1963,IT24393,IT703,56
1964,IT24393,IT704,49
1965,IT24393,IT705,84
1966,IT24394,IT801,56
1967,IT24394,IT802,75
1968,IT24394,IT803,74
1969,IT24394,IT804,97
1970,IT24394,IT805,82
1971,AI24395,AI801,48
1972,AI24395,AI802,86
1973,AI24395,AI803,56
1974,AI24395,AI804,94
1975,AI24395,AI805,56
1976,AI24396,AI701,78
1977,AI24396,AI702,65
1978,AI24396,AI703,42
1979,AI24396,AI704,65
1980,AI24396,AI705,60
1981,AI24397,AI101,69
1982,AI24397,AI102,71
1983,AI24397,AI103,90
1984,AI24397,AI104,96
1985,AI24397,AI105,71
1986,CSE24398,CSE301,50
1987,CSE24398,CSE302,90
1988,CSE24398,CSE303,40
1989,CSE24398,CSE304,91
1990,CSE24398,CSE305,59
1991,AI24399,AI701,51
1992,AI24399,AI702,97
1993,AI24399,AI703,100
1994,AI24399,AI704,87
1995,AI24399,AI705,67
1996,CE24400,CE801,61
1997,CE24400,CE802,53
1998,CE24400,CE803,93
1999,CE24400,CE804,43
2000,CE24400,CE805,94
2001,IT24401,IT101,71
2002,IT24401,IT102,54
2003,IT24401,IT103,71
2004,IT24401,IT104,77
2005,IT24401,IT105,72
2006,CE24402,CE301,72
2007,CE24402,CE302,64
2008,CE24402,CE303,65
2009,CE24402,CE304,83
2010,CE24402,CE305,68
2011,CSE24403,CSE601,66
2012,CSE24403,CSE602,55
2013,CSE24403,CSE603,55
2014,CSE24403,CSE604,80
2015,CSE24403,CSE605,98
2016,IT24404,IT201,66
2017,IT24404,IT202,98
2018,IT24404,IT203,90
2019,IT24404,IT204,43
2020,IT24404,IT205,47
2021,ME24405,ME501,65
2022,ME24405,ME502,56
2023,ME24405,ME503,84
2024,ME24405,ME504,63
2025,ME24405,ME505,100
2026,ME24406,ME101,74
2027,ME24406,ME102,53
2028,ME24406,ME103,43
2029,ME24406,ME104,51
2030,ME24406,ME105,71
2031,AI24407,AI301,55
2032,AI24407,AI302,48
2033,AI24407,AI303,74
2034,AI24407,AI304,71
2035,AI24407,AI305,85
2036,CE24408,CE101,99
2037,CE24408,CE102,77
2038,CE24408,CE103,67
2039,CE24408,CE104,43
2040,CE24408,CE105,92
2041,ME24409,ME601,54
2042,ME24409,ME602,73
2043,ME24409,ME603,100
2044,ME24409,ME604,93
2045,ME24409,ME605,94
2046,CSE24410,CSE601,85
2047,CSE24410,CSE602,97
2048,CSE24410,CSE603,49
2049,CSE24410,CSE604,84
2050,CSE24410,CSE605,48
2051,IT24411,IT801,80
2052,IT24411,IT802,73
2053,IT24411,IT803,52
2054,IT24411,IT804,62
2055,IT24411,IT805,49
2056,IT24412,IT701,84
2057,IT24412,IT702,96
2058,IT24412,IT703,77
2059,IT24412,IT704,96
2060,IT24412,IT705,65
2061,ME24413,ME101,96
2062,ME24413,ME102,96
2063,ME24413,ME103,55
2064,ME24413,ME104,99
2065,ME24413,ME105,88
2066,CE24414,CE401,81
2067,CE24414,CE402,52
2068,CE24414,CE403,74
2069,CE24414,CE404,79
2070,CE24414,CE405,81
2071,CSE24415,CSE801,52
2072,CSE24415,CSE802,91
2073,CSE24415,CSE803,83
2074,CSE24415,CSE804,62
2075,CSE24415,CSE805,64
2076,ME24416,ME801,59
2077,ME24416,ME802,53
2078,ME24416,ME803,73
2079,ME24416,ME804,76
2080,ME24416,ME805,79
2081,CSE24417,CSE501,52
2082,CSE24417,CSE502,67
2083,CSE24417,CSE503,100
2084,CSE24417,CSE504,91
2085,CSE24417,CSE505,55
2086,AI24418,AI301,65
2087,AI24418,AI302,99
2088,AI24418,AI303,61
2089,AI24418,AI304,83
2090,AI24418,AI305,75
2091,AI24419,AI801,57
2092,AI24419,AI802,68
2093,AI24419,AI803,72
2094,AI24419,AI804,75
2095,AI24419,AI805,95
2096,CSE24420,CSE101,62
2097,CSE24420,CSE102,84
2098,CSE24420,CSE103,46
2099,CSE24420,CSE104,87
2100,CSE24420,CSE105,88
2101,ME24421,ME201,53
2102,ME24421,ME202,56
2103,ME24421,ME203,88
2104,ME24421,ME204,53
2105,ME24421,ME205,63
2106,IT24422,IT101,44
2107,IT24422,IT102,90
2108,IT24422,IT103,85
2109,IT24422,IT104,95
2110,IT24422,IT105,79
2111,IT24423,IT601,73
2112,IT24423,IT602,75
2113,IT24423,IT603,51
2114,IT24423,IT604,72
2115,IT24423,IT605,98
2116,AI24424,AI101,80
2117,AI24424,AI102,65
2118,AI24424,AI103,45
2119,AI24424,AI104,44
2120,AI24424,AI105,92
2121,AI24425,AI801,52
2122,AI24425,AI802,51
2123,AI24425,AI803,88
2124,AI24425,AI804,91
2125,AI24425,AI805,78
2126,IT24426,IT601,67
2127,IT24426,IT602,86
2128,IT24426,IT603,97
2129,IT24426,IT604,72
2130,IT24426,IT605,44
2131,IT24427,IT301,74
2132,IT24427,IT302,58
2133,IT24427,IT303,98
2134,IT24427,IT304,91
2135,IT24427,IT305,46
2136,AI24428,AI601,56
2137,AI24428,AI602,89
2138,AI24428,AI603,55
2139,AI24428,AI604,62
2140,AI24428,AI605,46
2141,CSE24429,CSE701,86
2142,CSE24429,CSE702,42
2143,CSE24429,CSE703,63
2144,CSE24429,CSE704,91
2145,CSE24429,CSE705,92
2146,IT24430,IT301,53
2147,IT24430,IT302,54
2148,IT24430,IT303,100
2149,IT24430,IT304,40
2150,IT24430,IT305,88
2151,CSE24431,CSE401,55
2152,CSE24431,CSE402,50
2153,CSE24431,CSE403,94
2154,CSE24431,CSE404,47
2155,CSE24431,CSE405,95
2156,ME24432,ME801,57
2157,ME24432,ME802,56
2158,ME24432,ME803,83
2159,ME24432,ME804,64
2160,ME24432,ME805,80
2161,CSE24433,CSE201,90
2162,CSE24433,CSE202,61
2163,CSE24433,CSE203,52
2164,CSE24433,CSE204,96
2165,CSE24433,CSE205,43
2166,CE24434,CE801,74
2167,CE24434,CE802,96
2168,CE24434,CE803,52
2169,CE24434,CE804,85
2170,CE24434,CE805,77
2171,CSE24435,CSE201,79
2172,CSE24435,CSE202,41
2173,CSE24435,CSE203,47
2174,CSE24435,CSE204,91
2175,CSE24435,CSE205,44
2176,ME24436,ME301,85
2177,ME24436,ME302,97
2178,ME24436,ME303,41
2179,ME24436,ME304,89
2180,ME24436,ME305,90
2181,ME24437,ME401,97
2182,ME24437,ME402,59
2183,ME24437,ME403,81
2184,ME24437,ME404,67
2185,ME24437,ME405,68
2186,CE24438,CE501,63
2187,CE24438,CE502,79
2188,CE24438,CE503,94
2189,CE24438,CE504,65
2190,CE24438,CE505,93
2191,AI24439,AI301,49
2192,AI24439,AI302,87
2193,AI24439,AI303,65
2194,AI24439,AI304,57
2195,AI24439,AI305,57
2196,ME24440,ME401,84
2197,ME24440,ME402,93
2198,ME24440,ME403,71
2199,ME24440,ME404,78
2200,ME24440,ME405,44
2201,CSE24441,CSE501,63
2202,CSE24441,CSE502,92
2203,CSE24441,CSE503,76
2204,CSE24441,CSE504,62
2205,CSE24441,CSE505,51
2206,IT24442,IT401,99
2207,IT24442,IT402,96
2208,IT24442,IT403,51
2209,IT24442,IT404,43
2210,IT24442,IT405,86
2211,ME24443,ME201,44
2212,ME24443,ME202,63
2213,ME24443,ME203,92
2214,ME24443,ME204,100
2215,ME24443,ME205,67
2216,CE24444,CE601,63
2217,CE24444,CE602,72
2218,CE24444,CE603,54
2219,CE24444,CE604,49
2220,CE24444,CE605,86
2221,ME24445,ME801,61
2222,ME24445,ME802,82
2223,ME24445,ME803,70
2224,ME24445,ME804,40
2225,ME24445,ME805,63
2226,ME24446,ME101,75
2227,ME24446,ME102,48
2228,ME24446,ME103,71
2229,ME24446,ME104,75
2230,ME24446,ME105,91
2231,AI24447,AI801,67
2232,AI24447,AI802,93
2233,AI24447,AI803,41
2234,AI24447,AI804,93
2235,AI24447,AI805,81
2236,AI24448,AI201,73
2237,AI24448,AI202,51
2238,AI24448,AI203,40
2239,AI24448,AI204,43
2240,AI24448,AI205,42
2241,IT24449,IT701,61
2242,IT24449,IT702,94
2243,IT24449,IT703,49
2244,IT24449,IT704,94
2245,IT24449,IT705,58
2246,CE24450,CE301,76
2247,CE24450,CE302,47
2248,CE24450,CE303,64
2249,CE24450,CE304,44
2250,CE24450,CE305,58
2251,CSE24451,CSE501,50
2252,CSE24451,CSE502,68
2253,CSE24451,CSE503,97
2254,CSE24451,CSE504,74
2255,CSE24451,CSE505,46
2256,CSE24452,CSE301,52
2257,CSE24452,CSE302,100
2258,CSE24452,CSE303,88
2259,CSE24452,CSE304,53
2260,CSE24452,CSE305,99
2261,CE24453,CE401,79
2262,CE24453,CE402,82
2263,CE24453,CE403,63
2264,CE24453,CE404,89
2265,CE24453,CE405,77
2266,IT24454,IT401,80
2267,IT24454,IT402,82
2268,IT24454,IT403,78
2269,IT24454,IT404,53
2270,IT24454,IT405,94
2271,CSE24455,CSE601,60
2272,CSE24455,CSE602,89
2273,CSE24455,CSE603,66
2274,CSE24455,CSE604,50
2275,CSE24455,CSE605,44
2276,ME24456,ME601,40
2277,ME24456,ME602,100
2278,ME24456,ME603,51
2279,ME24456,ME604,56
2280,ME24456,ME605,53
2281,CE24457,CE401,87
2282,CE24457,CE402,49
2283,CE24457,CE403,73
2284,CE24457,CE404,47
2285,CE24457,CE405,90
2286,IT24458,IT801,70
2287,IT24458,IT802,65
2288,IT24458,IT803,51
2289,IT24458,IT804,77
2290,IT24458,IT805,43
2291,IT24459,IT501,75
2292,IT24459,IT502,54
2293,IT24459,IT503,41
2294,IT24459,IT504,60
2295,IT24459,IT505,72
2296,AI24460,AI101,48
2297,AI24460,AI102,59
2298,AI24460,AI103,42
2299,AI24460,AI104,83
2300,AI24460,AI105,67
2301,AI24461,AI401,40
2302,AI24461,AI402,77
2303,AI24461,AI403,48
2304,AI24461,AI404,82
2305,AI24461,AI405,58
2306,CSE24462,CSE601,62
2307,CSE24462,CSE602,61
2308,CSE24462,CSE603,99
2309,CSE24462,CSE604,88
2310,CSE24462,CSE605,49
2311,AI24463,AI501,85
2312,AI24463,AI502,58
2313,AI24463,AI503,43
2314,AI24463,AI504,65
2315,AI24463,AI505,73
2316,ME24464,ME201,94
2317,ME24464,ME202,93
2318,ME24464,ME203,82
2319,ME24464,ME204,85
2320,ME24464,ME205,60
2321,AI24465,AI101,95
2322,AI24465,AI102,93
2323,AI24465,AI103,67
2324,AI24465,AI104,41
2325,AI24465,AI105,79
2326,CSE24466,CSE301,89
2327,CSE24466,CSE302,52
2328,CSE24466,CSE303,68
2329,CSE24466,CSE304,87
2330,CSE24466,CSE305,46
2331,CSE24467,CSE201,43
2332,CSE24467,CSE202,95
2333,CSE24467,CSE203,90
2334,CSE24467,CSE204,50
2335,CSE24467,CSE205,84
2336,ME24468,ME201,52
2337,ME24468,ME202,58
2338,ME24468,ME203,40
2339,ME24468,ME204,50
2340,ME24468,ME205,48
2341,IT24469,IT301,44
2342,IT24469,IT302,90
2343,IT24469,IT303,68
2344,IT24469,IT304,89
2345,IT24469,IT305,56
2346,IT24470,IT701,94
2347,IT24470,IT702,66
2348,IT24470,IT703,85
2349,IT24470,IT704,41
2350,IT24470,IT705,44
2351,ME24471,ME801,100
2352,ME24471,ME802,94
2353,ME24471,ME803,95
2354,ME24471,ME804,74
2355,ME24471,ME805,100
2356,AI24472,AI101,60
2357,AI24472,AI102,72
2358,AI24472,AI103,98
2359,AI24472,AI104,77
2360,AI24472,AI105,82
2361,IT24473,IT101,60
2362,IT24473,IT102,97
2363,IT24473,IT103,46
2364,IT24473,IT104,85
2365,IT24473,IT105,43
2366,AI24474,AI201,73
2367,AI24474,AI202,73
2368,AI24474,AI203,58
2369,AI24474,AI204,76
2370,AI24474,AI205,52
2371,ME24475,ME301,92
2372,ME24475,ME302,94
2373,ME24475,ME303,56
2374,ME24475,ME304,88
2375,ME24475,ME305,70
2376,CE24476,CE401,78
2377,CE24476,CE402,88
2378,CE24476,CE403,77
2379,CE24476,CE404,51
2380,CE24476,CE405,90
2381,CSE24477,CSE401,100
2382,CSE24477,CSE402,44
2383,CSE24477,CSE403,85
2384,CSE24477,CSE404,77
2385,CSE24477,CSE405,81
2386,ME24478,ME601,73
2387,ME24478,ME602,80
2388,ME24478,ME603,45
2389,ME24478,ME604,51
2390,ME24478,ME605,96
2391,IT24479,IT801,94
2392,IT24479,IT802,68
2393,IT24479,IT803,44
2394,IT24479,IT804,52
2395,IT24479,IT805,62
2396,CE24480,CE501,60
2397,CE24480,CE502,65
2398,CE24480,CE503,80
2399,CE24480,CE504,97
2400,CE24480,CE505,75
2401,IT24481,IT401,40
2402,IT24481,IT402,75
2403,IT24481,IT403,72
2404,IT24481,IT404,49
2405,IT24481,IT405,92
2406,IT24482,IT201,51
2407,IT24482,IT202,55
2408,IT24482,IT203,88
2409,IT24482,IT204,87
2410,IT24482,IT205,90
2411,CE24483,CE701,73
2412,CE24483,CE702,80
2413,CE24483,CE703,64
2414,CE24483,CE704,62
2415,CE24483,CE705,75
2416,CSE24484,CSE701,63
2417,CSE24484,CSE702,99
2418,CSE24484,CSE703,42
2419,CSE24484,CSE704,97
2420,CSE24484,CSE705,56
2421,AI24485,AI601,81
2422,AI24485,AI602,91
2423,AI24485,AI603,62
2424,AI24485,AI604,61
2425,AI24485,AI605,70
2426,IT24486,IT201,92
2427,IT24486,IT202,68
2428,IT24486,IT203,86
2429,IT24486,IT204,47
2430,IT24486,IT205,61
2431,IT24487,IT601,57
2432,IT24487,IT602,72
2433,IT24487,IT603,44
2434,IT24487,IT604,94
2435,IT24487,IT605,57
2436,AI24488,AI701,83
2437,AI24488,AI702,83
2438,AI24488,AI703,95
2439,AI24488,AI704,80
2440,AI24488,AI705,72
2441,CE24489,CE701,74
2442,CE24489,CE702,55
2443,CE24489,CE703,48
2444,CE24489,CE704,42
2445,CE24489,CE705,72
2446,AI24490,AI501,60
2447,AI24490,AI502,46
2448,AI24490,AI503,56
2449,AI24490,AI504,44
2450,AI24490,AI505,92
2451,CE24491,CE601,74
2452,CE24491,CE602,47
2453,CE24491,CE603,74
2454,CE24491,CE604,61
2455,CE24491,CE605,61
2456,CSE24492,CSE801,53
2457,CSE24492,CSE802,62
2458,CSE24492,CSE803,53
2459,CSE24492,CSE804,63
2460,CSE24492,CSE805,58
2461,ME24493,ME801,84
2462,ME24493,ME802,79
2463,ME24493,ME803,85
2464,ME24493,ME804,98
2465,ME24493,ME805,78
2466,ME24494,ME201,43
2467,ME24494,ME202,87
2468,ME24494,ME203,99
2469,ME24494,ME204,69
2470,ME24494,ME205,88
2471,CSE24495,CSE401,73
2472,CSE24495,CSE402,70
2473,CSE24495,CSE403,87
2474,CSE24495,CSE404,47
2475,CSE24495,CSE405,74
2476,CSE24496,CSE301,42
2477,CSE24496,CSE302,84
2478,CSE24496,CSE303,91
2479,CSE24496,CSE304,58
2480,CSE24496,CSE305,48
2481,AI24497,AI501,74
2482,AI24497,AI502,69
2483,AI24497,AI503,76
2484,AI24497,AI504,69
2485,AI24497,AI505,57
2486,CSE24498,CSE501,87
2487,CSE24498,CSE502,60
2488,CSE24498,CSE503,41
2489,CSE24498,CSE504,64
2490,CSE24498,CSE505,75
2491,ME24499,ME701,53
2492,ME24499,ME702,56
2493,ME24499,ME703,82
2494,ME24499,ME704,99
2495,ME24499,ME705,58
2496,CSE24500,CSE301,81
2497,CSE24500,CSE302,72
2498,CSE24500,CSE303,52
2499,CSE24500,CSE304,93
2500,CSE24500,CSE305,53
