result_id,roll_no,subject_code,marks,grade,result_status
1,CSE24001,CSE401,49,D,Pass
2,CSE24001,CSE402,37,D,Pass
3,CSE24001,CSE403,47,D,Pass
4,CSE24001,CSE404,47,D,Pass
5,CSE24001,CSE405,38,D,Pass
6,CSE24002,CSE601,61,B,Pass
7,CSE24002,CSE602,54,C,Pass
8,CSE24002,CSE603,67,B,Pass
9,CSE24002,CSE604,66,B,Pass
10,CSE24002,CSE605,67,B,Pass
11,ME24003,ME401,77,B+,Pass
12,ME24003,ME402,77,B+,Pass
13,ME24003,ME403,77,B+,Pass
14,ME24003,ME404,81,A,Pass
15,ME24003,ME405,82,A,Pass
16,IT24004,IT201,43,D,Pass
17,IT24004,IT202,45,D,Pass
18,IT24004,IT203,36,D,Pass
19,IT24004,IT204,37,D,Pass
20,IT24004,IT205,40,D,Pass
21,AI24005,AI601,74,B+,Pass
22,AI24005,AI602,77,B+,Pass
23,AI24005,AI603,81,A,Pass
24,AI24005,AI604,75,B+,Pass
25,AI24005,AI605,74,B+,Pass
26,CE24006,CE101,20,F,Fail
27,CE24006,CE102,3,F,Fail
28,CE24006,CE103,12,F,Fail
29,CE24006,CE104,9,F,Fail
30,CE24006,CE105,9,F,Fail
31,CE24007,CE101,73,B+,Pass
32,CE24007,CE102,77,B+,Pass
33,CE24007,CE103,72,B+,Pass
34,CE24007,CE104,78,B+,Pass
35,CE24007,CE105,78,B+,Pass
36,IT24008,IT101,37,D,Pass
37,IT24008,IT102,48,D,Pass
38,IT24008,IT103,42,D,Pass
39,IT24008,IT104,48,D,Pass
40,IT24008,IT105,42,D,Pass
41,ME24009,ME401,85,A,Pass
42,ME24009,ME402,95,A+,Pass
43,ME24009,ME403,98,A+,Pass
44,ME24009,ME404,99,A+,Pass
45,ME24009,ME405,87,A,Pass
46,AI24010,AI701,48,D,Pass
47,AI24010,AI702,44,D,Pass
48,AI24010,AI703,40,D,Pass
49,AI24010,AI704,36,D,Pass
50,AI24010,AI705,44,D,Pass
51,AI24011,AI801,75,B+,Pass
52,AI24011,AI802,75,B+,Pass
53,AI24011,AI803,75,B+,Pass
54,AI24011,AI804,70,B+,Pass
55,AI24011,AI805,74,B+,Pass
56,CSE24012,CSE701,38,D,Pass
57,CSE24012,CSE702,48,D,Pass
58,CSE24012,CSE703,35,D,Pass
59,CSE24012,CSE704,38,D,Pass
60,CSE24012,CSE705,36,D,Pass
61,ME24013,ME601,49,D,Pass
62,ME24013,ME602,39,D,Pass
63,ME24013,ME603,45,D,Pass
64,ME24013,ME604,37,D,Pass
65,ME24013,ME605,49,D,Pass
66,AI24014,AI401,95,A+,Pass
67,AI24014,AI402,99,A+,Pass
68,AI24014,AI403,90,A+,Pass
69,AI24014,AI404,97,A+,Pass
70,AI24014,AI405,93,A+,Pass
71,CE24015,CE401,97,A+,Pass
72,CE24015,CE402,90,A+,Pass
73,CE24015,CE403,96,A+,Pass
74,CE24015,CE404,88,A,Pass
75,CE24015,CE405,87,A,Pass
76,CE24016,CE401,99,A+,Pass
77,CE24016,CE402,95,A+,Pass
78,CE24016,CE403,100,A+,Pass
79,CE24016,CE404,87,A,Pass
80,CE24016,CE405,91,A+,Pass
81,ME24017,ME201,44,D,Pass
82,ME24017,ME202,41,D,Pass
83,ME24017,ME203,36,D,Pass
84,ME24017,ME204,49,D,Pass
85,ME24017,ME205,46,D,Pass
86,ME24018,ME301,83,A,Pass
87,ME24018,ME302,70,B+,Pass
88,ME24018,ME303,78,B+,Pass
89,ME24018,ME304,80,A,Pass
90,ME24018,ME305,73,B+,Pass
91,IT24019,IT301,43,D,Pass
92,IT24019,IT302,45,D,Pass
93,IT24019,IT303,37,D,Pass
94,IT24019,IT304,40,D,Pass
95,IT24019,IT305,42,D,Pass
96,CSE24020,CSE101,38,D,Pass
97,CSE24020,CSE102,39,D,Pass
98,CSE24020,CSE103,43,D,Pass
99,CSE24020,CSE104,40,D,Pass
100,CSE24020,CSE105,36,D,Pass
101,ME24021,ME701,42,D,Pass
102,ME24021,ME702,35,D,Pass
103,ME24021,ME703,38,D,Pass
104,ME24021,ME704,41,D,Pass
105,ME24021,ME705,36,D,Pass
106,CSE24022,CSE801,8,F,Fail
107,CSE24022,CSE802,23,F,Fail
108,CSE24022,CSE803,22,F,Fail
109,CSE24022,CSE804,23,F,Fail
110,CSE24022,CSE805,0,F,Fail
111,IT24023,IT101,79,B+,Pass
112,IT24023,IT102,81,A,Pass
113,IT24023,IT103,84,A,Pass
114,IT24023,IT104,79,B+,Pass
115,IT24023,IT105,75,B+,Pass
116,ME24024,ME101,60,B,Pass
117,ME24024,ME102,53,C,Pass
118,ME24024,ME103,69,B,Pass
119,ME24024,ME104,64,B,Pass
120,ME24024,ME105,67,B,Pass
121,ME24025,ME501,41,D,Pass
122,ME24025,ME502,47,D,Pass
123,ME24025,ME503,45,D,Pass
124,ME24025,ME504,38,D,Pass
125,ME24025,ME505,40,D,Pass
126,IT24026,IT501,29,F,Fail
127,IT24026,IT502,19,F,Fail
128,IT24026,IT503,19,F,Fail
129,IT24026,IT504,9,F,Fail
130,IT24026,IT505,15,F,Fail
131,IT24027,IT401,72,B+,Pass
132,IT24027,IT402,74,B+,Pass
133,IT24027,IT403,71,B+,Pass
134,IT24027,IT404,77,B+,Pass
135,IT24027,IT405,71,B+,Pass
136,IT24028,IT301,48,D,Pass
137,IT24028,IT302,47,D,Pass
138,IT24028,IT303,46,D,Pass
139,IT24028,IT304,48,D,Pass
140,IT24028,IT305,47,D,Pass
141,CE24029,CE801,79,B+,Pass
142,CE24029,CE802,84,A,Pass
143,CE24029,CE803,82,A,Pass
144,CE24029,CE804,77,B+,Pass
145,CE24029,CE805,76,B+,Pass
146,ME24030,ME201,80,A,Pass
147,ME24030,ME202,84,A,Pass
148,ME24030,ME203,81,A,Pass
149,ME24030,ME204,80,A,Pass
150,ME24030,ME205,72,B+,Pass
151,AI24031,AI301,66,B,Pass
152,AI24031,AI302,67,B,Pass
153,AI24031,AI303,58,C,Pass
154,AI24031,AI304,51,C,Pass
155,AI24031,AI305,62,B,Pass
156,IT24032,IT101,9,F,Fail
157,IT24032,IT102,8,F,Fail
158,IT24032,IT103,6,F,Fail
159,IT24032,IT104,26,F,Fail
160,IT24032,IT105,11,F,Fail
161,AI24033,AI301,65,B,Pass
162,AI24033,AI302,53,C,Pass
163,AI24033,AI303,68,B,Pass
164,AI24033,AI304,66,B,Pass
165,AI24033,AI305,59,C,Pass
166,CSE24034,CSE201,26,F,Fail
167,CSE24034,CSE202,30,F,Fail
168,CSE24034,CSE203,25,F,Fail
169,CSE24034,CSE204,16,F,Fail
170,CSE24034,CSE205,24,F,Fail
171,IT24035,IT801,93,A+,Pass
172,IT24035,IT802,99,A+,Pass
173,IT24035,IT803,90,A+,Pass
174,IT24035,IT804,90,A+,Pass
175,IT24035,IT805,93,A+,Pass
176,IT24036,IT101,74,B+,Pass
177,IT24036,IT102,83,A,Pass
178,IT24036,IT103,75,B+,Pass
179,IT24036,IT104,70,B+,Pass
180,IT24036,IT105,76,B+,Pass
181,ME24037,ME301,71,B+,Pass
182,ME24037,ME302,74,B+,Pass
183,ME24037,ME303,79,B+,Pass
184,ME24037,ME304,82,A,Pass
185,ME24037,ME305,84,A,Pass
186,CSE24038,CSE801,64,B,Pass
187,CSE24038,CSE802,51,C,Pass
188,CSE24038,CSE803,69,B,Pass
189,CSE24038,CSE804,61,B,Pass
190,CSE24038,CSE805,60,B,Pass
191,CE24039,CE501,35,D,Pass
192,CE24039,CE502,49,D,Pass
193,CE24039,CE503,35,D,Pass
194,CE24039,CE504,46,D,Pass
195,CE24039,CE505,46,D,Pass
196,AI24040,AI501,24,F,Fail
197,AI24040,AI502,0,F,Fail
198,AI24040,AI503,27,F,Fail
199,AI24040,AI504,21,F,Fail
200,AI24040,AI505,28,F,Fail
201,CE24041,CE201,99,A+,Pass
202,CE24041,CE202,90,A+,Pass
203,CE24041,CE203,100,A+,Pass
204,CE24041,CE204,90,A+,Pass
205,CE24041,CE205,99,A+,Pass
206,CSE24042,CSE101,38,D,Pass
207,CSE24042,CSE102,43,D,Pass
208,CSE24042,CSE103,41,D,Pass
209,CSE24042,CSE104,36,D,Pass
210,CSE24042,CSE105,46,D,Pass
211,ME24043,ME301,36,D,Pass
212,ME24043,ME302,46,D,Pass
213,ME24043,ME303,46,D,Pass
214,ME24043,ME304,49,D,Pass
215,ME24043,ME305,35,D,Pass
216,AI24044,AI301,21,F,Fail
217,AI24044,AI302,26,F,Fail
218,AI24044,AI303,26,F,Fail
219,AI24044,AI304,22,F,Fail
220,AI24044,AI305,4,F,Fail
221,ME24045,ME601,63,B,Pass
222,ME24045,ME602,54,C,Pass
223,ME24045,ME603,56,C,Pass
224,ME24045,ME604,69,B,Pass
225,ME24045,ME605,51,C,Pass
226,CE24046,CE501,43,D,Pass
227,CE24046,CE502,46,D,Pass
228,CE24046,CE503,43,D,Pass
229,CE24046,CE504,36,D,Pass
230,CE24046,CE505,40,D,Pass
231,CE24047,CE601,71,B+,Pass
232,CE24047,CE602,79,B+,Pass
233,CE24047,CE603,76,B+,Pass
234,CE24047,CE604,74,B+,Pass
235,CE24047,CE605,78,B+,Pass
236,ME24048,ME101,61,B,Pass
237,ME24048,ME102,50,C,Pass
238,ME24048,ME103,56,C,Pass
239,ME24048,ME104,51,C,Pass
240,ME24048,ME105,58,C,Pass
241,CE24049,CE201,6,F,Fail
242,CE24049,CE202,24,F,Fail
243,CE24049,CE203,23,F,Fail
244,CE24049,CE204,21,F,Fail
245,CE24049,CE205,22,F,Fail
246,CE24050,CE101,75,B+,Pass
247,CE24050,CE102,78,B+,Pass
248,CE24050,CE103,83,A,Pass
249,CE24050,CE104,79,B+,Pass
250,CE24050,CE105,73,B+,Pass
251,CSE24051,CSE101,99,A+,Pass
252,CSE24051,CSE102,91,A+,Pass
253,CSE24051,CSE103,98,A+,Pass
254,CSE24051,CSE104,86,A,Pass
255,CSE24051,CSE105,96,A+,Pass
256,CSE24052,CSE701,67,B,Pass
257,CSE24052,CSE702,50,C,Pass
258,CSE24052,CSE703,55,C,Pass
259,CSE24052,CSE704,50,C,Pass
260,CSE24052,CSE705,50,C,Pass
261,AI24053,AI301,43,D,Pass
262,AI24053,AI302,47,D,Pass
263,AI24053,AI303,36,D,Pass
264,AI24053,AI304,48,D,Pass
265,AI24053,AI305,48,D,Pass
266,ME24054,ME401,94,A+,Pass
267,ME24054,ME402,95,A+,Pass
268,ME24054,ME403,99,A+,Pass
269,ME24054,ME404,95,A+,Pass
270,ME24054,ME405,91,A+,Pass
271,CE24055,CE801,21,F,Fail
272,CE24055,CE802,4,F,Fail
273,CE24055,CE803,20,F,Fail
274,CE24055,CE804,12,F,Fail
275,CE24055,CE805,32,F,Fail
276,ME24056,ME301,41,D,Pass
277,ME24056,ME302,46,D,Pass
278,ME24056,ME303,48,D,Pass
279,ME24056,ME304,42,D,Pass
280,ME24056,ME305,47,D,Pass
281,CE24057,CE601,51,C,Pass
282,CE24057,CE602,68,B,Pass
283,CE24057,CE603,65,B,Pass
284,CE24057,CE604,53,C,Pass
285,CE24057,CE605,55,C,Pass
286,CSE24058,CSE501,79,B+,Pass
287,CSE24058,CSE502,84,A,Pass
288,CSE24058,CSE503,74,B+,Pass
289,CSE24058,CSE504,81,A,Pass
290,CSE24058,CSE505,82,A,Pass
291,CSE24059,CSE101,89,A,Pass
292,CSE24059,CSE102,96,A+,Pass
293,CSE24059,CSE103,89,A,Pass
294,CSE24059,CSE104,98,A+,Pass
295,CSE24059,CSE105,92,A+,Pass
296,CSE24060,CSE201,76,B+,Pass
297,CSE24060,CSE202,73,B+,Pass
298,CSE24060,CSE203,79,B+,Pass
299,CSE24060,CSE204,75,B+,Pass
300,CSE24060,CSE205,79,B+,Pass
301,CSE24061,CSE501,78,B+,Pass
302,CSE24061,CSE502,82,A,Pass
303,CSE24061,CSE503,78,B+,Pass
304,CSE24061,CSE504,82,A,Pass
305,CSE24061,CSE505,78,B+,Pass
306,AI24062,AI101,49,D,Pass
307,AI24062,AI102,47,D,Pass
308,AI24062,AI103,49,D,Pass
309,AI24062,AI104,44,D,Pass
310,AI24062,AI105,36,D,Pass
311,IT24063,IT301,44,D,Pass
312,IT24063,IT302,43,D,Pass
313,IT24063,IT303,42,D,Pass
314,IT24063,IT304,37,D,Pass
315,IT24063,IT305,48,D,Pass
316,CSE24064,CSE801,65,B,Pass
317,CSE24064,CSE802,56,C,Pass
318,CSE24064,CSE803,53,C,Pass
319,CSE24064,CSE804,53,C,Pass
320,CSE24064,CSE805,62,B,Pass
321,CSE24065,CSE701,39,D,Pass
322,CSE24065,CSE702,44,D,Pass
323,CSE24065,CSE703,48,D,Pass
324,CSE24065,CSE704,43,D,Pass
325,CSE24065,CSE705,42,D,Pass
326,CSE24066,CSE401,88,A,Pass
327,CSE24066,CSE402,91,A+,Pass
328,CSE24066,CSE403,94,A+,Pass
329,CSE24066,CSE404,88,A,Pass
330,CSE24066,CSE405,90,A+,Pass
331,ME24067,ME301,94,A+,Pass
332,ME24067,ME302,90,A+,Pass
333,ME24067,ME303,89,A,Pass
334,ME24067,ME304,91,A+,Pass
335,ME24067,ME305,98,A+,Pass
336,ME24068,ME401,40,D,Pass
337,ME24068,ME402,48,D,Pass
338,ME24068,ME403,39,D,Pass
339,ME24068,ME404,43,D,Pass
340,ME24068,ME405,48,D,Pass
341,CSE24069,CSE201,20,F,Fail
342,CSE24069,CSE202,33,F,Fail
343,CSE24069,CSE203,17,F,Fail
344,CSE24069,CSE204,27,F,Fail
345,CSE24069,CSE205,28,F,Fail
346,CSE24070,CSE201,54,C,Pass
347,CSE24070,CSE202,62,B,Pass
348,CSE24070,CSE203,54,C,Pass
349,CSE24070,CSE204,60,B,Pass
350,CSE24070,CSE205,61,B,Pass
351,CSE24071,CSE501,81,A,Pass
352,CSE24071,CSE502,84,A,Pass
353,CSE24071,CSE503,73,B+,Pass
354,CSE24071,CSE504,79,B+,Pass
355,CSE24071,CSE505,70,B+,Pass
356,ME24072,ME801,40,D,Pass
357,ME24072,ME802,49,D,Pass
358,ME24072,ME803,43,D,Pass
359,ME24072,ME804,48,D,Pass
360,ME24072,ME805,47,D,Pass
361,CSE24073,CSE501,91,A+,Pass
362,CSE24073,CSE502,86,A,Pass
363,CSE24073,CSE503,99,A+,Pass
364,CSE24073,CSE504,91,A+,Pass
365,CSE24073,CSE505,86,A,Pass
366,CSE24074,CSE301,45,D,Pass
367,CSE24074,CSE302,44,D,Pass
368,CSE24074,CSE303,46,D,Pass
369,CSE24074,CSE304,38,D,Pass
370,CSE24074,CSE305,40,D,Pass
371,AI24075,AI201,57,C,Pass
372,AI24075,AI202,50,C,Pass
373,AI24075,AI203,54,C,Pass
374,AI24075,AI204,58,C,Pass
375,AI24075,AI205,62,B,Pass
376,AI24076,AI101,97,A+,Pass
377,AI24076,AI102,95,A+,Pass
378,AI24076,AI103,88,A,Pass
379,AI24076,AI104,94,A+,Pass
380,AI24076,AI105,92,A+,Pass
381,AI24077,AI401,36,D,Pass
382,AI24077,AI402,39,D,Pass
383,AI24077,AI403,42,D,Pass
384,AI24077,AI404,39,D,Pass
385,AI24077,AI405,38,D,Pass
386,IT24078,IT601,5,F,Fail
387,IT24078,IT602,7,F,Fail
388,IT24078,IT603,27,F,Fail
389,IT24078,IT604,24,F,Fail
390,IT24078,IT605,17,F,Fail
391,CSE24079,CSE801,80,A,Pass
392,CSE24079,CSE802,80,A,Pass
393,CSE24079,CSE803,80,A,Pass
394,CSE24079,CSE804,82,A,Pass
395,CSE24079,CSE805,70,B+,Pass
396,CSE24080,CSE301,60,B,Pass
397,CSE24080,CSE302,59,C,Pass
398,CSE24080,CSE303,50,C,Pass
399,CSE24080,CSE304,58,C,Pass
400,CSE24080,CSE305,64,B,Pass
401,AI24081,AI301,79,B+,Pass
402,AI24081,AI302,76,B+,Pass
403,AI24081,AI303,71,B+,Pass
404,AI24081,AI304,72,B+,Pass
405,AI24081,AI305,72,B+,Pass
406,CSE24082,CSE401,32,F,Fail
407,CSE24082,CSE402,29,F,Fail
408,CSE24082,CSE403,15,F,Fail
409,CSE24082,CSE404,14,F,Fail
410,CSE24082,CSE405,14,F,Fail
411,CE24083,CE601,71,B+,Pass
412,CE24083,CE602,72,B+,Pass
413,CE24083,CE603,75,B+,Pass
414,CE24083,CE604,82,A,Pass
415,CE24083,CE605,77,B+,Pass
416,CSE24084,CSE701,54,C,Pass
417,CSE24084,CSE702,63,B,Pass
418,CSE24084,CSE703,68,B,Pass
419,CSE24084,CSE704,66,B,Pass
420,CSE24084,CSE705,62,B,Pass
421,IT24085,IT801,47,D,Pass
422,IT24085,IT802,42,D,Pass
423,IT24085,IT803,42,D,Pass
424,IT24085,IT804,36,D,Pass
425,IT24085,IT805,42,D,Pass
426,IT24086,IT801,39,D,Pass
427,IT24086,IT802,38,D,Pass
428,IT24086,IT803,37,D,Pass
429,IT24086,IT804,35,D,Pass
430,IT24086,IT805,48,D,Pass
431,ME24087,ME301,76,B+,Pass
432,ME24087,ME302,81,A,Pass
433,ME24087,ME303,74,B+,Pass
434,ME24087,ME304,81,A,Pass
435,ME24087,ME305,71,B+,Pass
436,CSE24088,CSE101,96,A+,Pass
437,CSE24088,CSE102,87,A,Pass
438,CSE24088,CSE103,98,A+,Pass
439,CSE24088,CSE104,90,A+,Pass
440,CSE24088,CSE105,96,A+,Pass
441,CE24089,CE601,79,B+,Pass
442,CE24089,CE602,75,B+,Pass
443,CE24089,CE603,70,B+,Pass
444,CE24089,CE604,70,B+,Pass
445,CE24089,CE605,72,B+,Pass
446,CE24090,CE701,37,D,Pass
447,CE24090,CE702,35,D,Pass
448,CE24090,CE703,44,D,Pass
449,CE24090,CE704,48,D,Pass
450,CE24090,CE705,36,D,Pass
451,AI24091,AI301,92,A+,Pass
452,AI24091,AI302,97,A+,Pass
453,AI24091,AI303,87,A,Pass
454,AI24091,AI304,98,A+,Pass
455,AI24091,AI305,95,A+,Pass
456,IT24092,IT101,49,D,Pass
457,IT24092,IT102,49,D,Pass
458,IT24092,IT103,36,D,Pass
459,IT24092,IT104,44,D,Pass
460,IT24092,IT105,43,D,Pass
461,CSE24093,CSE701,99,A+,Pass
462,CSE24093,CSE702,87,A,Pass
463,CSE24093,CSE703,91,A+,Pass
464,CSE24093,CSE704,91,A+,Pass
465,CSE24093,CSE705,98,A+,Pass
466,CSE24094,CSE401,30,F,Fail
467,CSE24094,CSE402,32,F,Fail
468,CSE24094,CSE403,26,F,Fail
469,CSE24094,CSE404,18,F,Fail
470,CSE24094,CSE405,12,F,Fail
471,CE24095,CE601,41,D,Pass
472,CE24095,CE602,35,D,Pass
473,CE24095,CE603,49,D,Pass
474,CE24095,CE604,44,D,Pass
475,CE24095,CE605,40,D,Pass
476,CE24096,CE201,86,A,Pass
477,CE24096,CE202,97,A+,Pass
478,CE24096,CE203,99,A+,Pass
479,CE24096,CE204,95,A+,Pass
480,CE24096,CE205,99,A+,Pass
481,ME24097,ME801,74,B+,Pass
482,ME24097,ME802,84,A,Pass
483,ME24097,ME803,74,B+,Pass
484,ME24097,ME804,82,A,Pass
485,ME24097,ME805,71,B+,Pass
486,CE24098,CE101,35,D,Pass
487,CE24098,CE102,38,D,Pass
488,CE24098,CE103,49,D,Pass
489,CE24098,CE104,36,D,Pass
490,CE24098,CE105,49,D,Pass
491,CSE24099,CSE101,19,F,Fail
492,CSE24099,CSE102,7,F,Fail
493,CSE24099,CSE103,24,F,Fail
494,CSE24099,CSE104,25,F,Fail
495,CSE24099,CSE105,30,F,Fail
496,AI24100,AI801,64,B,Pass
497,AI24100,AI802,61,B,Pass
498,AI24100,AI803,67,B,Pass
499,AI24100,AI804,56,C,Pass
500,AI24100,AI805,65,B,Pass
501,AI24101,AI201,63,B,Pass
502,AI24101,AI202,66,B,Pass
503,AI24101,AI203,65,B,Pass
504,AI24101,AI204,56,C,Pass
505,AI24101,AI205,68,B,Pass
506,CSE24102,CSE801,68,B,Pass
507,CSE24102,CSE802,50,C,Pass
508,CSE24102,CSE803,56,C,Pass
509,CSE24102,CSE804,58,C,Pass
510,CSE24102,CSE805,68,B,Pass
511,ME24103,ME201,80,A,Pass
512,ME24103,ME202,75,B+,Pass
513,ME24103,ME203,78,B+,Pass
514,ME24103,ME204,79,B+,Pass
515,ME24103,ME205,78,B+,Pass
516,IT24104,IT701,86,A,Pass
517,IT24104,IT702,95,A+,Pass
518,IT24104,IT703,98,A+,Pass
519,IT24104,IT704,92,A+,Pass
520,IT24104,IT705,98,A+,Pass
521,CSE24105,CSE301,11,F,Fail
522,CSE24105,CSE302,20,F,Fail
523,CSE24105,CSE303,13,F,Fail
524,CSE24105,CSE304,15,F,Fail
525,CSE24105,CSE305,1,F,Fail
526,CSE24106,CSE501,48,D,Pass
527,CSE24106,CSE502,35,D,Pass
528,CSE24106,CSE503,38,D,Pass
529,CSE24106,CSE504,36,D,Pass
530,CSE24106,CSE505,36,D,Pass
531,AI24107,AI301,51,C,Pass
532,AI24107,AI302,60,B,Pass
533,AI24107,AI303,57,C,Pass
534,AI24107,AI304,64,B,Pass
535,AI24107,AI305,62,B,Pass
536,CE24108,CE401,24,F,Fail
537,CE24108,CE402,0,F,Fail
538,CE24108,CE403,1,F,Fail
539,CE24108,CE404,4,F,Fail
540,CE24108,CE405,27,F,Fail
541,CSE24109,CSE401,69,B,Pass
542,CSE24109,CSE402,62,B,Pass
543,CSE24109,CSE403,51,C,Pass
544,CSE24109,CSE404,63,B,Pass
545,CSE24109,CSE405,57,C,Pass
546,CSE24110,CSE701,89,A,Pass
547,CSE24110,CSE702,94,A+,Pass
548,CSE24110,CSE703,89,A,Pass
549,CSE24110,CSE704,97,A+,Pass
550,CSE24110,CSE705,86,A,Pass
551,IT24111,IT101,31,F,Fail
552,IT24111,IT102,7,F,Fail
553,IT24111,IT103,28,F,Fail
554,IT24111,IT104,13,F,Fail
555,IT24111,IT105,28,F,Fail
556,AI24112,AI601,85,A,Pass
557,AI24112,AI602,99,A+,Pass
558,AI24112,AI603,98,A+,Pass
559,AI24112,AI604,90,A+,Pass
560,AI24112,AI605,100,A+,Pass
561,IT24113,IT201,52,C,Pass
562,IT24113,IT202,56,C,Pass
563,IT24113,IT203,51,C,Pass
564,IT24113,IT204,59,C,Pass
565,IT24113,IT205,52,C,Pass
566,AI24114,AI601,52,C,Pass
567,AI24114,AI602,59,C,Pass
568,AI24114,AI603,55,C,Pass
569,AI24114,AI604,59,C,Pass
570,AI24114,AI605,62,B,Pass
571,ME24115,ME601,38,D,Pass
572,ME24115,ME602,42,D,Pass
573,ME24115,ME603,48,D,Pass
574,ME24115,ME604,43,D,Pass
575,ME24115,ME605,36,D,Pass
576,IT24116,IT501,57,C,Pass
577,IT24116,IT502,51,C,Pass
578,IT24116,IT503,67,B,Pass
579,IT24116,IT504,65,B,Pass
580,IT24116,IT505,58,C,Pass
581,AI24117,AI501,23,F,Fail
582,AI24117,AI502,30,F,Fail
583,AI24117,AI503,12,F,Fail
584,AI24117,AI504,20,F,Fail
585,AI24117,AI505,7,F,Fail
586,CE24118,CE401,61,B,Pass
587,CE24118,CE402,59,C,Pass
588,CE24118,CE403,66,B,Pass
589,CE24118,CE404,53,C,Pass
590,CE24118,CE405,57,C,Pass
591,CE24119,CE401,10,F,Fail
592,CE24119,CE402,30,F,Fail
593,CE24119,CE403,26,F,Fail
594,CE24119,CE404,10,F,Fail
595,CE24119,CE405,22,F,Fail
596,ME24120,ME601,36,D,Pass
597,ME24120,ME602,36,D,Pass
598,ME24120,ME603,37,D,Pass
599,ME24120,ME604,47,D,Pass
600,ME24120,ME605,39,D,Pass
601,CSE24121,CSE701,48,D,Pass
602,CSE24121,CSE702,47,D,Pass
603,CSE24121,CSE703,38,D,Pass
604,CSE24121,CSE704,42,D,Pass
605,CSE24121,CSE705,46,D,Pass
606,AI24122,AI401,41,D,Pass
607,AI24122,AI402,39,D,Pass
608,AI24122,AI403,42,D,Pass
609,AI24122,AI404,41,D,Pass
610,AI24122,AI405,42,D,Pass
611,CE24123,CE401,61,B,Pass
612,CE24123,CE402,51,C,Pass
613,CE24123,CE403,56,C,Pass
614,CE24123,CE404,54,C,Pass
615,CE24123,CE405,62,B,Pass
616,ME24124,ME801,4,F,Fail
617,ME24124,ME802,7,F,Fail
618,ME24124,ME803,2,F,Fail
619,ME24124,ME804,3,F,Fail
620,ME24124,ME805,16,F,Fail
621,CSE24125,CSE201,46,D,Pass
622,CSE24125,CSE202,39,D,Pass
623,CSE24125,CSE203,47,D,Pass
624,CSE24125,CSE204,35,D,Pass
625,CSE24125,CSE205,37,D,Pass
626,IT24126,IT201,78,B+,Pass
627,IT24126,IT202,80,A,Pass
628,IT24126,IT203,84,A,Pass
629,IT24126,IT204,71,B+,Pass
630,IT24126,IT205,70,B+,Pass
631,CSE24127,CSE701,60,B,Pass
632,CSE24127,CSE702,61,B,Pass
633,CSE24127,CSE703,57,C,Pass
634,CSE24127,CSE704,64,B,Pass
635,CSE24127,CSE705,53,C,Pass
636,ME24128,ME301,90,A+,Pass
637,ME24128,ME302,98,A+,Pass
638,ME24128,ME303,91,A+,Pass
639,ME24128,ME304,93,A+,Pass
640,ME24128,ME305,99,A+,Pass
641,ME24129,ME601,39,D,Pass
642,ME24129,ME602,41,D,Pass
643,ME24129,ME603,45,D,Pass
644,ME24129,ME604,43,D,Pass
645,ME24129,ME605,47,D,Pass
646,IT24130,IT601,90,A+,Pass
647,IT24130,IT602,87,A,Pass
648,IT24130,IT603,87,A,Pass
649,IT24130,IT604,90,A+,Pass
650,IT24130,IT605,95,A+,Pass
651,IT24131,IT601,61,B,Pass
652,IT24131,IT602,65,B,Pass
653,IT24131,IT603,66,B,Pass
654,IT24131,IT604,55,C,Pass
655,IT24131,IT605,53,C,Pass
656,CSE24132,CSE801,56,C,Pass
657,CSE24132,CSE802,51,C,Pass
658,CSE24132,CSE803,67,B,Pass
659,CSE24132,CSE804,59,C,Pass
660,CSE24132,CSE805,62,B,Pass
661,CSE24133,CSE201,41,D,Pass
662,CSE24133,CSE202,37,D,Pass
663,CSE24133,CSE203,38,D,Pass
664,CSE24133,CSE204,37,D,Pass
665,CSE24133,CSE205,48,D,Pass
666,AI24134,AI601,32,F,Fail
667,AI24134,AI602,19,F,Fail
668,AI24134,AI603,29,F,Fail
669,AI24134,AI604,10,F,Fail
670,AI24134,AI605,4,F,Fail
671,CSE24135,CSE701,43,D,Pass
672,CSE24135,CSE702,40,D,Pass
673,CSE24135,CSE703,47,D,Pass
674,CSE24135,CSE704,39,D,Pass
675,CSE24135,CSE705,44,D,Pass
676,ME24136,ME501,76,B+,Pass
677,ME24136,ME502,74,B+,Pass
678,ME24136,ME503,79,B+,Pass
679,ME24136,ME504,76,B+,Pass
680,ME24136,ME505,77,B+,Pass
681,CSE24137,CSE701,46,D,Pass
682,CSE24137,CSE702,38,D,Pass
683,CSE24137,CSE703,42,D,Pass
684,CSE24137,CSE704,45,D,Pass
685,CSE24137,CSE705,49,D,Pass
686,CE24138,CE301,82,A,Pass
687,CE24138,CE302,71,B+,Pass
688,CE24138,CE303,74,B+,Pass
689,CE24138,CE304,80,A,Pass
690,CE24138,CE305,74,B+,Pass
691,IT24139,IT801,97,A+,Pass
692,IT24139,IT802,87,A,Pass
693,IT24139,IT803,100,A+,Pass
694,IT24139,IT804,91,A+,Pass
695,IT24139,IT805,89,A,Pass
696,AI24140,AI201,63,B,Pass
697,AI24140,AI202,67,B,Pass
698,AI24140,AI203,65,B,Pass
699,AI24140,AI204,62,B,Pass
700,AI24140,AI205,54,C,Pass
701,IT24141,IT301,69,B,Pass
702,IT24141,IT302,53,C,Pass
703,IT24141,IT303,50,C,Pass
704,IT24141,IT304,57,C,Pass
705,IT24141,IT305,52,C,Pass
706,IT24142,IT301,85,A,Pass
707,IT24142,IT302,97,A+,Pass
708,IT24142,IT303,88,A,Pass
709,IT24142,IT304,92,A+,Pass
710,IT24142,IT305,96,A+,Pass
711,AI24143,AI501,10,F,Fail
712,AI24143,AI502,17,F,Fail
713,AI24143,AI503,32,F,Fail
714,AI24143,AI504,34,F,Fail
715,AI24143,AI505,13,F,Fail
716,ME24144,ME401,19,F,Fail
717,ME24144,ME402,32,F,Fail
718,ME24144,ME403,6,F,Fail
719,ME24144,ME404,22,F,Fail
720,ME24144,ME405,19,F,Fail
721,CE24145,CE601,45,D,Pass
722,CE24145,CE602,41,D,Pass
723,CE24145,CE603,42,D,Pass
724,CE24145,CE604,39,D,Pass
725,CE24145,CE605,35,D,Pass
726,IT24146,IT201,32,F,Fail
727,IT24146,IT202,27,F,Fail
728,IT24146,IT203,9,F,Fail
729,IT24146,IT204,8,F,Fail
730,IT24146,IT205,0,F,Fail
731,IT24147,IT501,11,F,Fail
732,IT24147,IT502,32,F,Fail
733,IT24147,IT503,2,F,Fail
734,IT24147,IT504,21,F,Fail
735,IT24147,IT505,22,F,Fail
736,AI24148,AI801,93,A+,Pass
737,AI24148,AI802,87,A,Pass
738,AI24148,AI803,88,A,Pass
739,AI24148,AI804,94,A+,Pass
740,AI24148,AI805,95,A+,Pass
741,CE24149,CE401,71,B+,Pass
742,CE24149,CE402,72,B+,Pass
743,CE24149,CE403,83,A,Pass
744,CE24149,CE404,70,B+,Pass
745,CE24149,CE405,82,A,Pass
746,CSE24150,CSE301,88,A,Pass
747,CSE24150,CSE302,97,A+,Pass
748,CSE24150,CSE303,88,A,Pass
749,CSE24150,CSE304,91,A+,Pass
750,CSE24150,CSE305,93,A+,Pass
751,CE24151,CE501,22,F,Fail
752,CE24151,CE502,16,F,Fail
753,CE24151,CE503,17,F,Fail
754,CE24151,CE504,16,F,Fail
755,CE24151,CE505,22,F,Fail
756,IT24152,IT801,68,B,Pass
757,IT24152,IT802,60,B,Pass
758,IT24152,IT803,65,B,Pass
759,IT24152,IT804,61,B,Pass
760,IT24152,IT805,68,B,Pass
761,ME24153,ME401,68,B,Pass
762,ME24153,ME402,63,B,Pass
763,ME24153,ME403,63,B,Pass
764,ME24153,ME404,69,B,Pass
765,ME24153,ME405,65,B,Pass
766,CSE24154,CSE201,69,B,Pass
767,CSE24154,CSE202,57,C,Pass
768,CSE24154,CSE203,64,B,Pass
769,CSE24154,CSE204,59,C,Pass
770,CSE24154,CSE205,50,C,Pass
771,CSE24155,CSE201,39,D,Pass
772,CSE24155,CSE202,39,D,Pass
773,CSE24155,CSE203,37,D,Pass
774,CSE24155,CSE204,39,D,Pass
775,CSE24155,CSE205,35,D,Pass
776,CE24156,CE601,59,C,Pass
777,CE24156,CE602,68,B,Pass
778,CE24156,CE603,52,C,Pass
779,CE24156,CE604,57,C,Pass
780,CE24156,CE605,61,B,Pass
781,IT24157,IT301,70,B+,Pass
782,IT24157,IT302,70,B+,Pass
783,IT24157,IT303,78,B+,Pass
784,IT24157,IT304,77,B+,Pass
785,IT24157,IT305,84,A,Pass
786,AI24158,AI301,49,D,Pass
787,AI24158,AI302,38,D,Pass
788,AI24158,AI303,45,D,Pass
789,AI24158,AI304,47,D,Pass
790,AI24158,AI305,45,D,Pass
791,CSE24159,CSE601,80,A,Pass
792,CSE24159,CSE602,79,B+,Pass
793,CSE24159,CSE603,77,B+,Pass
794,CSE24159,CSE604,73,B+,Pass
795,CSE24159,CSE605,72,B+,Pass
796,IT24160,IT701,37,D,Pass
797,IT24160,IT702,38,D,Pass
798,IT24160,IT703,47,D,Pass
799,IT24160,IT704,40,D,Pass
800,IT24160,IT705,44,D,Pass
801,IT24161,IT601,89,A,Pass
802,IT24161,IT602,86,A,Pass
803,IT24161,IT603,89,A,Pass
804,IT24161,IT604,86,A,Pass
805,IT24161,IT605,86,A,Pass
806,IT24162,IT501,91,A+,Pass
807,IT24162,IT502,95,A+,Pass
808,IT24162,IT503,85,A,Pass
809,IT24162,IT504,95,A+,Pass
810,IT24162,IT505,91,A+,Pass
811,CSE24163,CSE401,48,D,Pass
812,CSE24163,CSE402,35,D,Pass
813,CSE24163,CSE403,42,D,Pass
814,CSE24163,CSE404,49,D,Pass
815,CSE24163,CSE405,43,D,Pass
816,IT24164,IT501,41,D,Pass
817,IT24164,IT502,39,D,Pass
818,IT24164,IT503,36,D,Pass
819,IT24164,IT504,44,D,Pass
820,IT24164,IT505,46,D,Pass
821,IT24165,IT501,39,D,Pass
822,IT24165,IT502,39,D,Pass
823,IT24165,IT503,45,D,Pass
824,IT24165,IT504,41,D,Pass
825,IT24165,IT505,40,D,Pass
826,ME24166,ME701,81,A,Pass
827,ME24166,ME702,74,B+,Pass
828,ME24166,ME703,73,B+,Pass
829,ME24166,ME704,77,B+,Pass
830,ME24166,ME705,81,A,Pass
831,AI24167,AI401,52,C,Pass
832,AI24167,AI402,50,C,Pass
833,AI24167,AI403,52,C,Pass
834,AI24167,AI404,62,B,Pass
835,AI24167,AI405,56,C,Pass
836,CE24168,CE201,96,A+,Pass
837,CE24168,CE202,98,A+,Pass
838,CE24168,CE203,91,A+,Pass
839,CE24168,CE204,95,A+,Pass
840,CE24168,CE205,94,A+,Pass
841,CSE24169,CSE601,18,F,Fail
842,CSE24169,CSE602,17,F,Fail
843,CSE24169,CSE603,16,F,Fail
844,CSE24169,CSE604,1,F,Fail
845,CSE24169,CSE605,6,F,Fail
846,CSE24170,CSE401,97,A+,Pass
847,CSE24170,CSE402,87,A,Pass
848,CSE24170,CSE403,95,A+,Pass
849,CSE24170,CSE404,100,A+,Pass
850,CSE24170,CSE405,90,A+,Pass
851,IT24171,IT701,85,A,Pass
852,IT24171,IT702,95,A+,Pass
853,IT24171,IT703,96,A+,Pass
854,IT24171,IT704,97,A+,Pass
855,IT24171,IT705,96,A+,Pass
856,AI24172,AI301,10,F,Fail
857,AI24172,AI302,30,F,Fail
858,AI24172,AI303,30,F,Fail
859,AI24172,AI304,10,F,Fail
860,AI24172,AI305,1,F,Fail
861,ME24173,ME501,53,C,Pass
862,ME24173,ME502,55,C,Pass
863,ME24173,ME503,58,C,Pass
864,ME24173,ME504,65,B,Pass
865,ME24173,ME505,53,C,Pass
866,IT24174,IT601,90,A+,Pass
867,IT24174,IT602,93,A+,Pass
868,IT24174,IT603,97,A+,Pass
869,IT24174,IT604,96,A+,Pass
870,IT24174,IT605,94,A+,Pass
871,CE24175,CE601,0,F,Fail
872,CE24175,CE602,13,F,Fail
873,CE24175,CE603,23,F,Fail
874,CE24175,CE604,6,F,Fail
875,CE24175,CE605,14,F,Fail
876,IT24176,IT301,37,D,Pass
877,IT24176,IT302,46,D,Pass
878,IT24176,IT303,49,D,Pass
879,IT24176,IT304,49,D,Pass
880,IT24176,IT305,49,D,Pass
881,ME24177,ME201,82,A,Pass
882,ME24177,ME202,70,B+,Pass
883,ME24177,ME203,73,B+,Pass
884,ME24177,ME204,83,A,Pass
885,ME24177,ME205,78,B+,Pass
886,ME24178,ME301,35,D,Pass
887,ME24178,ME302,43,D,Pass
888,ME24178,ME303,48,D,Pass
889,ME24178,ME304,42,D,Pass
890,ME24178,ME305,35,D,Pass
891,ME24179,ME701,37,D,Pass
892,ME24179,ME702,35,D,Pass
893,ME24179,ME703,46,D,Pass
894,ME24179,ME704,39,D,Pass
895,ME24179,ME705,39,D,Pass
896,IT24180,IT201,50,C,Pass
897,IT24180,IT202,64,B,Pass
898,IT24180,IT203,68,B,Pass
899,IT24180,IT204,68,B,Pass
900,IT24180,IT205,61,B,Pass
901,ME24181,ME501,94,A+,Pass
902,ME24181,ME502,99,A+,Pass
903,ME24181,ME503,100,A+,Pass
904,ME24181,ME504,87,A,Pass
905,ME24181,ME505,87,A,Pass
906,ME24182,ME201,55,C,Pass
907,ME24182,ME202,58,C,Pass
908,ME24182,ME203,52,C,Pass
909,ME24182,ME204,69,B,Pass
910,ME24182,ME205,53,C,Pass
911,CE24183,CE501,89,A,Pass
912,CE24183,CE502,85,A,Pass
913,CE24183,CE503,92,A+,Pass
914,CE24183,CE504,89,A,Pass
915,CE24183,CE505,95,A+,Pass
916,CSE24184,CSE701,33,F,Fail
917,CSE24184,CSE702,23,F,Fail
918,CSE24184,CSE703,12,F,Fail
919,CSE24184,CSE704,0,F,Fail
920,CSE24184,CSE705,21,F,Fail
921,IT24185,IT101,99,A+,Pass
922,IT24185,IT102,86,A,Pass
923,IT24185,IT103,100,A+,Pass
924,IT24185,IT104,90,A+,Pass
925,IT24185,IT105,95,A+,Pass
926,ME24186,ME701,38,D,Pass
927,ME24186,ME702,48,D,Pass
928,ME24186,ME703,47,D,Pass
929,ME24186,ME704,40,D,Pass
930,ME24186,ME705,40,D,Pass
931,AI24187,AI201,20,F,Fail
932,AI24187,AI202,22,F,Fail
933,AI24187,AI203,25,F,Fail
934,AI24187,AI204,4,F,Fail
935,AI24187,AI205,24,F,Fail
936,ME24188,ME101,35,D,Pass
937,ME24188,ME102,39,D,Pass
938,ME24188,ME103,49,D,Pass
939,ME24188,ME104,46,D,Pass
940,ME24188,ME105,35,D,Pass
941,ME24189,ME101,77,B+,Pass
942,ME24189,ME102,84,A,Pass
943,ME24189,ME103,74,B+,Pass
944,ME24189,ME104,70,B+,Pass
945,ME24189,ME105,71,B+,Pass
946,AI24190,AI201,32,F,Fail
947,AI24190,AI202,3,F,Fail
948,AI24190,AI203,27,F,Fail
949,AI24190,AI204,24,F,Fail
950,AI24190,AI205,27,F,Fail
951,ME24191,ME701,5,F,Fail
952,ME24191,ME702,8,F,Fail
953,ME24191,ME703,1,F,Fail
954,ME24191,ME704,2,F,Fail
955,ME24191,ME705,32,F,Fail
956,ME24192,ME501,87,A,Pass
957,ME24192,ME502,90,A+,Pass
958,ME24192,ME503,95,A+,Pass
959,ME24192,ME504,94,A+,Pass
960,ME24192,ME505,87,A,Pass
961,CE24193,CE201,85,A,Pass
962,CE24193,CE202,91,A+,Pass
963,CE24193,CE203,99,A+,Pass
964,CE24193,CE204,91,A+,Pass
965,CE24193,CE205,90,A+,Pass
966,AI24194,AI201,81,A,Pass
967,AI24194,AI202,84,A,Pass
968,AI24194,AI203,81,A,Pass
969,AI24194,AI204,77,B+,Pass
970,AI24194,AI205,76,B+,Pass
971,AI24195,AI801,60,B,Pass
972,AI24195,AI802,50,C,Pass
973,AI24195,AI803,57,C,Pass
974,AI24195,AI804,56,C,Pass
975,AI24195,AI805,53,C,Pass
976,AI24196,AI501,6,F,Fail
977,AI24196,AI502,25,F,Fail
978,AI24196,AI503,24,F,Fail
979,AI24196,AI504,8,F,Fail
980,AI24196,AI505,3,F,Fail
981,CSE24197,CSE201,83,A,Pass
982,CSE24197,CSE202,82,A,Pass
983,CSE24197,CSE203,81,A,Pass
984,CSE24197,CSE204,78,B+,Pass
985,CSE24197,CSE205,76,B+,Pass
986,CE24198,CE601,55,C,Pass
987,CE24198,CE602,68,B,Pass
988,CE24198,CE603,56,C,Pass
989,CE24198,CE604,66,B,Pass
990,CE24198,CE605,57,C,Pass
991,ME24199,ME601,68,B,Pass
992,ME24199,ME602,65,B,Pass
993,ME24199,ME603,63,B,Pass
994,ME24199,ME604,60,B,Pass
995,ME24199,ME605,64,B,Pass
996,AI24200,AI101,7,F,Fail
997,AI24200,AI102,19,F,Fail
998,AI24200,AI103,13,F,Fail
999,AI24200,AI104,7,F,Fail
1000,AI24200,AI105,28,F,Fail
1001,ME24201,ME401,73,B+,Pass
1002,ME24201,ME402,71,B+,Pass
1003,ME24201,ME403,78,B+,Pass
1004,ME24201,ME404,73,B+,Pass
1005,ME24201,ME405,76,B+,Pass
1006,ME24202,ME801,99,A+,Pass
1007,ME24202,ME802,88,A,Pass
1008,ME24202,ME803,94,A+,Pass
1009,ME24202,ME804,85,A,Pass
1010,ME24202,ME805,85,A,Pass
1011,CSE24203,CSE101,31,F,Fail
1012,CSE24203,CSE102,13,F,Fail
1013,CSE24203,CSE103,4,F,Fail
1014,CSE24203,CSE104,7,F,Fail
1015,CSE24203,CSE105,0,F,Fail
1016,AI24204,AI101,82,A,Pass
1017,AI24204,AI102,75,B+,Pass
1018,AI24204,AI103,83,A,Pass
1019,AI24204,AI104,75,B+,Pass
1020,AI24204,AI105,78,B+,Pass
1021,CSE24205,CSE601,89,A,Pass
1022,CSE24205,CSE602,99,A+,Pass
1023,CSE24205,CSE603,100,A+,Pass
1024,CSE24205,CSE604,95,A+,Pass
1025,CSE24205,CSE605,91,A+,Pass
1026,CE24206,CE301,97,A+,Pass
1027,CE24206,CE302,90,A+,Pass
1028,CE24206,CE303,85,A,Pass
1029,CE24206,CE304,93,A+,Pass
1030,CE24206,CE305,92,A+,Pass
1031,CSE24207,CSE501,38,D,Pass
1032,CSE24207,CSE502,36,D,Pass
1033,CSE24207,CSE503,35,D,Pass
1034,CSE24207,CSE504,41,D,Pass
1035,CSE24207,CSE505,43,D,Pass
1036,IT24208,IT801,13,F,Fail
1037,IT24208,IT802,19,F,Fail
1038,IT24208,IT803,6,F,Fail
1039,IT24208,IT804,3,F,Fail
1040,IT24208,IT805,24,F,Fail
1041,CE24209,CE301,97,A+,Pass
1042,CE24209,CE302,97,A+,Pass
1043,CE24209,CE303,97,A+,Pass
1044,CE24209,CE304,91,A+,Pass
1045,CE24209,CE305,87,A,Pass
1046,AI24210,AI401,46,D,Pass
1047,AI24210,AI402,37,D,Pass
1048,AI24210,AI403,46,D,Pass
1049,AI24210,AI404,48,D,Pass
1050,AI24210,AI405,49,D,Pass
1051,IT24211,IT801,35,D,Pass
1052,IT24211,IT802,49,D,Pass
1053,IT24211,IT803,41,D,Pass
1054,IT24211,IT804,41,D,Pass
1055,IT24211,IT805,48,D,Pass
1056,AI24212,AI201,43,D,Pass
1057,AI24212,AI202,42,D,Pass
1058,AI24212,AI203,49,D,Pass
1059,AI24212,AI204,43,D,Pass
1060,AI24212,AI205,35,D,Pass
1061,AI24213,AI601,94,A+,Pass
1062,AI24213,AI602,87,A,Pass
1063,AI24213,AI603,90,A+,Pass
1064,AI24213,AI604,90,A+,Pass
1065,AI24213,AI605,91,A+,Pass
1066,CSE24214,CSE201,87,A,Pass
1067,CSE24214,CSE202,93,A+,Pass
1068,CSE24214,CSE203,92,A+,Pass
1069,CSE24214,CSE204,97,A+,Pass
1070,CSE24214,CSE205,96,A+,Pass
1071,ME24215,ME301,39,D,Pass
1072,ME24215,ME302,48,D,Pass
1073,ME24215,ME303,40,D,Pass
1074,ME24215,ME304,40,D,Pass
1075,ME24215,ME305,44,D,Pass
1076,AI24216,AI201,45,D,Pass
1077,AI24216,AI202,44,D,Pass
1078,AI24216,AI203,35,D,Pass
1079,AI24216,AI204,39,D,Pass
1080,AI24216,AI205,36,D,Pass
1081,AI24217,AI301,99,A+,Pass
1082,AI24217,AI302,85,A,Pass
1083,AI24217,AI303,90,A+,Pass
1084,AI24217,AI304,96,A+,Pass
1085,AI24217,AI305,96,A+,Pass
1086,IT24218,IT401,32,F,Fail
1087,IT24218,IT402,4,F,Fail
1088,IT24218,IT403,1,F,Fail
1089,IT24218,IT404,20,F,Fail
1090,IT24218,IT405,32,F,Fail
1091,IT24219,IT501,73,B+,Pass
1092,IT24219,IT502,81,A,Pass
1093,IT24219,IT503,77,B+,Pass
1094,IT24219,IT504,77,B+,Pass
1095,IT24219,IT505,72,B+,Pass
1096,AI24220,AI201,82,A,Pass
1097,AI24220,AI202,77,B+,Pass
1098,AI24220,AI203,82,A,Pass
1099,AI24220,AI204,70,B+,Pass
1100,AI24220,AI205,83,A,Pass
1101,IT24221,IT301,60,B,Pass
1102,IT24221,IT302,54,C,Pass
1103,IT24221,IT303,60,B,Pass
1104,IT24221,IT304,52,C,Pass
1105,IT24221,IT305,50,C,Pass
1106,CE24222,CE101,95,A+,Pass
1107,CE24222,CE102,91,A+,Pass
1108,CE24222,CE103,89,A,Pass
1109,CE24222,CE104,92,A+,Pass
1110,CE24222,CE105,90,A+,Pass
1111,IT24223,IT601,73,B+,Pass
1112,IT24223,IT602,80,A,Pass
1113,IT24223,IT603,70,B+,Pass
1114,IT24223,IT604,81,A,Pass
1115,IT24223,IT605,73,B+,Pass
1116,AI24224,AI201,77,B+,Pass
1117,AI24224,AI202,71,B+,Pass
1118,AI24224,AI203,79,B+,Pass
1119,AI24224,AI204,71,B+,Pass
1120,AI24224,AI205,81,A,Pass
1121,CE24225,CE501,38,D,Pass
1122,CE24225,CE502,36,D,Pass
1123,CE24225,CE503,39,D,Pass
1124,CE24225,CE504,35,D,Pass
1125,CE24225,CE505,47,D,Pass
1126,IT24226,IT301,7,F,Fail
1127,IT24226,IT302,15,F,Fail
1128,IT24226,IT303,33,F,Fail
1129,IT24226,IT304,13,F,Fail
1130,IT24226,IT305,9,F,Fail
1131,CSE24227,CSE701,43,D,Pass
1132,CSE24227,CSE702,44,D,Pass
1133,CSE24227,CSE703,42,D,Pass
1134,CSE24227,CSE704,49,D,Pass
1135,CSE24227,CSE705,36,D,Pass
1136,ME24228,ME501,50,C,Pass
1137,ME24228,ME502,57,C,Pass
1138,ME24228,ME503,61,B,Pass
1139,ME24228,ME504,59,C,Pass
1140,ME24228,ME505,66,B,Pass
1141,IT24229,IT801,48,D,Pass
1142,IT24229,IT802,43,D,Pass
1143,IT24229,IT803,40,D,Pass
1144,IT24229,IT804,36,D,Pass
1145,IT24229,IT805,36,D,Pass
1146,CSE24230,CSE501,27,F,Fail
1147,CSE24230,CSE502,5,F,Fail
1148,CSE24230,CSE503,33,F,Fail
1149,CSE24230,CSE504,4,F,Fail
1150,CSE24230,CSE505,4,F,Fail
1151,AI24231,AI401,86,A,Pass
1152,AI24231,AI402,92,A+,Pass
1153,AI24231,AI403,91,A+,Pass
1154,AI24231,AI404,99,A+,Pass
1155,AI24231,AI405,88,A,Pass
1156,IT24232,IT301,87,A,Pass
1157,IT24232,IT302,97,A+,Pass
1158,IT24232,IT303,85,A,Pass
1159,IT24232,IT304,90,A+,Pass
1160,IT24232,IT305,97,A+,Pass
1161,CSE24233,CSE701,27,F,Fail
1162,CSE24233,CSE702,30,F,Fail
1163,CSE24233,CSE703,30,F,Fail
1164,CSE24233,CSE704,26,F,Fail
1165,CSE24233,CSE705,34,F,Fail
1166,IT24234,IT101,55,C,Pass
1167,IT24234,IT102,51,C,Pass
1168,IT24234,IT103,58,C,Pass
1169,IT24234,IT104,52,C,Pass
1170,IT24234,IT105,58,C,Pass
1171,ME24235,ME801,91,A+,Pass
1172,ME24235,ME802,93,A+,Pass
1173,ME24235,ME803,92,A+,Pass
1174,ME24235,ME804,94,A+,Pass
1175,ME24235,ME805,92,A+,Pass
1176,AI24236,AI401,38,D,Pass
1177,AI24236,AI402,35,D,Pass
1178,AI24236,AI403,37,D,Pass
1179,AI24236,AI404,39,D,Pass
1180,AI24236,AI405,45,D,Pass
1181,AI24237,AI401,53,C,Pass
1182,AI24237,AI402,54,C,Pass
1183,AI24237,AI403,55,C,Pass
1184,AI24237,AI404,68,B,Pass
1185,AI24237,AI405,69,B,Pass
1186,CE24238,CE801,85,A,Pass
1187,CE24238,CE802,96,A+,Pass
1188,CE24238,CE803,88,A,Pass
1189,CE24238,CE804,98,A+,Pass
1190,CE24238,CE805,93,A+,Pass
1191,CE24239,CE701,35,D,Pass
1192,CE24239,CE702,45,D,Pass
1193,CE24239,CE703,44,D,Pass
1194,CE24239,CE704,39,D,Pass
1195,CE24239,CE705,46,D,Pass
1196,IT24240,IT201,44,D,Pass
1197,IT24240,IT202,43,D,Pass
1198,IT24240,IT203,36,D,Pass
1199,IT24240,IT204,39,D,Pass
1200,IT24240,IT205,39,D,Pass
1201,IT24241,IT801,97,A+,Pass
1202,IT24241,IT802,96,A+,Pass
1203,IT24241,IT803,95,A+,Pass
1204,IT24241,IT804,95,A+,Pass
1205,IT24241,IT805,85,A,Pass
1206,ME24242,ME501,6,F,Fail
1207,ME24242,ME502,21,F,Fail
1208,ME24242,ME503,9,F,Fail
1209,ME24242,ME504,2,F,Fail
1210,ME24242,ME505,0,F,Fail
1211,CE24243,CE201,63,B,Pass
1212,CE24243,CE202,55,C,Pass
1213,CE24243,CE203,66,B,Pass
1214,CE24243,CE204,55,C,Pass
1215,CE24243,CE205,64,B,Pass
1216,CE24244,CE801,90,A+,Pass
1217,CE24244,CE802,96,A+,Pass
1218,CE24244,CE803,88,A,Pass
1219,CE24244,CE804,93,A+,Pass
1220,CE24244,CE805,96,A+,Pass
1221,IT24245,IT701,91,A+,Pass
1222,IT24245,IT702,91,A+,Pass
1223,IT24245,IT703,89,A,Pass
1224,IT24245,IT704,92,A+,Pass
1225,IT24245,IT705,85,A,Pass
1226,ME24246,ME701,17,F,Fail
1227,ME24246,ME702,1,F,Fail
1228,ME24246,ME703,20,F,Fail
1229,ME24246,ME704,13,F,Fail
1230,ME24246,ME705,31,F,Fail
1231,ME24247,ME701,84,A,Pass
1232,ME24247,ME702,82,A,Pass
1233,ME24247,ME703,74,B+,Pass
1234,ME24247,ME704,78,B+,Pass
1235,ME24247,ME705,71,B+,Pass
1236,ME24248,ME801,96,A+,Pass
1237,ME24248,ME802,96,A+,Pass
1238,ME24248,ME803,85,A,Pass
1239,ME24248,ME804,98,A+,Pass
1240,ME24248,ME805,91,A+,Pass
1241,IT24249,IT701,53,C,Pass
1242,IT24249,IT702,60,B,Pass
1243,IT24249,IT703,50,C,Pass
1244,IT24249,IT704,51,C,Pass
1245,IT24249,IT705,69,B,Pass
1246,CSE24250,CSE101,79,B+,Pass
1247,CSE24250,CSE102,81,A,Pass
1248,CSE24250,CSE103,79,B+,Pass
1249,CSE24250,CSE104,71,B+,Pass
1250,CSE24250,CSE105,74,B+,Pass
1251,ME24251,ME101,30,F,Fail
1252,ME24251,ME102,19,F,Fail
1253,ME24251,ME103,8,F,Fail
1254,ME24251,ME104,22,F,Fail
1255,ME24251,ME105,6,F,Fail
1256,CSE24252,CSE801,60,B,Pass
1257,CSE24252,CSE802,64,B,Pass
1258,CSE24252,CSE803,56,C,Pass
1259,CSE24252,CSE804,68,B,Pass
1260,CSE24252,CSE805,64,B,Pass
1261,CE24253,CE601,40,D,Pass
1262,CE24253,CE602,36,D,Pass
1263,CE24253,CE603,43,D,Pass
1264,CE24253,CE604,44,D,Pass
1265,CE24253,CE605,46,D,Pass
1266,IT24254,IT101,83,A,Pass
1267,IT24254,IT102,77,B+,Pass
1268,IT24254,IT103,73,B+,Pass
1269,IT24254,IT104,84,A,Pass
1270,IT24254,IT105,71,B+,Pass
1271,AI24255,AI201,86,A,Pass
1272,AI24255,AI202,98,A+,Pass
1273,AI24255,AI203,85,A,Pass
1274,AI24255,AI204,88,A,Pass
1275,AI24255,AI205,97,A+,Pass
1276,CSE24256,CSE501,61,B,Pass
1277,CSE24256,CSE502,63,B,Pass
1278,CSE24256,CSE503,52,C,Pass
1279,CSE24256,CSE504,57,C,Pass
1280,CSE24256,CSE505,68,B,Pass
1281,ME24257,ME301,46,D,Pass
1282,ME24257,ME302,45,D,Pass
1283,ME24257,ME303,48,D,Pass
1284,ME24257,ME304,37,D,Pass
1285,ME24257,ME305,41,D,Pass
1286,CSE24258,CSE201,78,B+,Pass
1287,CSE24258,CSE202,78,B+,Pass
1288,CSE24258,CSE203,77,B+,Pass
1289,CSE24258,CSE204,77,B+,Pass
1290,CSE24258,CSE205,82,A,Pass
1291,AI24259,AI601,64,B,Pass
1292,AI24259,AI602,64,B,Pass
1293,AI24259,AI603,59,C,Pass
1294,AI24259,AI604,55,C,Pass
1295,AI24259,AI605,57,C,Pass
1296,AI24260,AI501,48,D,Pass
1297,AI24260,AI502,38,D,Pass
1298,AI24260,AI503,41,D,Pass
1299,AI24260,AI504,38,D,Pass
1300,AI24260,AI505,36,D,Pass
1301,ME24261,ME601,55,C,Pass
1302,ME24261,ME602,67,B,Pass
1303,ME24261,ME603,55,C,Pass
1304,ME24261,ME604,64,B,Pass
1305,ME24261,ME605,67,B,Pass
1306,ME24262,ME801,56,C,Pass
1307,ME24262,ME802,53,C,Pass
1308,ME24262,ME803,61,B,Pass
1309,ME24262,ME804,67,B,Pass
1310,ME24262,ME805,58,C,Pass
1311,CE24263,CE601,11,F,Fail
1312,CE24263,CE602,6,F,Fail
1313,CE24263,CE603,0,F,Fail
1314,CE24263,CE604,5,F,Fail
1315,CE24263,CE605,6,F,Fail
1316,AI24264,AI501,92,A+,Pass
1317,AI24264,AI502,100,A+,Pass
1318,AI24264,AI503,99,A+,Pass
1319,AI24264,AI504,89,A,Pass
1320,AI24264,AI505,97,A+,Pass
1321,CSE24265,CSE101,87,A,Pass
1322,CSE24265,CSE102,94,A+,Pass
1323,CSE24265,CSE103,98,A+,Pass
1324,CSE24265,CSE104,92,A+,Pass
1325,CSE24265,CSE105,91,A+,Pass
1326,CSE24266,CSE201,31,F,Fail
1327,CSE24266,CSE202,2,F,Fail
1328,CSE24266,CSE203,22,F,Fail
1329,CSE24266,CSE204,28,F,Fail
1330,CSE24266,CSE205,32,F,Fail
1331,AI24267,AI201,43,D,Pass
1332,AI24267,AI202,43,D,Pass
1333,AI24267,AI203,39,D,Pass
1334,AI24267,AI204,42,D,Pass
1335,AI24267,AI205,39,D,Pass
1336,CE24268,CE701,15,F,Fail
1337,CE24268,CE702,5,F,Fail
1338,CE24268,CE703,32,F,Fail
1339,CE24268,CE704,25,F,Fail
1340,CE24268,CE705,27,F,Fail
1341,ME24269,ME501,69,B,Pass
1342,ME24269,ME502,66,B,Pass
1343,ME24269,ME503,50,C,Pass
1344,ME24269,ME504,54,C,Pass
1345,ME24269,ME505,69,B,Pass
1346,CSE24270,CSE701,77,B+,Pass
1347,CSE24270,CSE702,74,B+,Pass
1348,CSE24270,CSE703,74,B+,Pass
1349,CSE24270,CSE704,75,B+,Pass
1350,CSE24270,CSE705,78,B+,Pass
1351,ME24271,ME101,57,C,Pass
1352,ME24271,ME102,58,C,Pass
1353,ME24271,ME103,53,C,Pass
1354,ME24271,ME104,51,C,Pass
1355,ME24271,ME105,55,C,Pass
1356,AI24272,AI501,2,F,Fail
1357,AI24272,AI502,0,F,Fail
1358,AI24272,AI503,7,F,Fail
1359,AI24272,AI504,13,F,Fail
1360,AI24272,AI505,17,F,Fail
1361,ME24273,ME401,62,B,Pass
1362,ME24273,ME402,65,B,Pass
1363,ME24273,ME403,58,C,Pass
1364,ME24273,ME404,63,B,Pass
1365,ME24273,ME405,50,C,Pass
1366,AI24274,AI601,94,A+,Pass
1367,AI24274,AI602,92,A+,Pass
1368,AI24274,AI603,91,A+,Pass
1369,AI24274,AI604,91,A+,Pass
1370,AI24274,AI605,93,A+,Pass
1371,AI24275,AI601,69,B,Pass
1372,AI24275,AI602,54,C,Pass
1373,AI24275,AI603,55,C,Pass
1374,AI24275,AI604,64,B,Pass
1375,AI24275,AI605,51,C,Pass
1376,AI24276,AI201,45,D,Pass
1377,AI24276,AI202,48,D,Pass
1378,AI24276,AI203,47,D,Pass
1379,AI24276,AI204,41,D,Pass
1380,AI24276,AI205,41,D,Pass
1381,ME24277,ME801,74,B+,Pass
1382,ME24277,ME802,77,B+,Pass
1383,ME24277,ME803,71,B+,Pass
1384,ME24277,ME804,75,B+,Pass
1385,ME24277,ME805,70,B+,Pass
1386,ME24278,ME601,63,B,Pass
1387,ME24278,ME602,56,C,Pass
1388,ME24278,ME603,54,C,Pass
1389,ME24278,ME604,54,C,Pass
1390,ME24278,ME605,60,B,Pass
1391,CSE24279,CSE601,6,F,Fail
1392,CSE24279,CSE602,22,F,Fail
1393,CSE24279,CSE603,8,F,Fail
1394,CSE24279,CSE604,24,F,Fail
1395,CSE24279,CSE605,4,F,Fail
1396,AI24280,AI301,54,C,Pass
1397,AI24280,AI302,68,B,Pass
1398,AI24280,AI303,58,C,Pass
1399,AI24280,AI304,64,B,Pass
1400,AI24280,AI305,52,C,Pass
1401,IT24281,IT601,96,A+,Pass
1402,IT24281,IT602,88,A,Pass
1403,IT24281,IT603,93,A+,Pass
1404,IT24281,IT604,95,A+,Pass
1405,IT24281,IT605,98,A+,Pass
1406,IT24282,IT601,83,A,Pass
1407,IT24282,IT602,74,B+,Pass
1408,IT24282,IT603,79,B+,Pass
1409,IT24282,IT604,74,B+,Pass
1410,IT24282,IT605,83,A,Pass
1411,CSE24283,CSE201,58,C,Pass
1412,CSE24283,CSE202,61,B,Pass
1413,CSE24283,CSE203,52,C,Pass
1414,CSE24283,CSE204,57,C,Pass
1415,CSE24283,CSE205,56,C,Pass
1416,IT24284,IT101,45,D,Pass
1417,IT24284,IT102,43,D,Pass
1418,IT24284,IT103,46,D,Pass
1419,IT24284,IT104,44,D,Pass
1420,IT24284,IT105,43,D,Pass
1421,CE24285,CE401,45,D,Pass
1422,CE24285,CE402,48,D,Pass
1423,CE24285,CE403,35,D,Pass
1424,CE24285,CE404,41,D,Pass
1425,CE24285,CE405,36,D,Pass
1426,AI24286,AI301,48,D,Pass
1427,AI24286,AI302,49,D,Pass
1428,AI24286,AI303,36,D,Pass
1429,AI24286,AI304,40,D,Pass
1430,AI24286,AI305,41,D,Pass
1431,CSE24287,CSE501,47,D,Pass
1432,CSE24287,CSE502,39,D,Pass
1433,CSE24287,CSE503,36,D,Pass
1434,CSE24287,CSE504,41,D,Pass
1435,CSE24287,CSE505,37,D,Pass
1436,AI24288,AI801,33,F,Fail
1437,AI24288,AI802,13,F,Fail
1438,AI24288,AI803,4,F,Fail
1439,AI24288,AI804,32,F,Fail
1440,AI24288,AI805,15,F,Fail
1441,CSE24289,CSE501,59,C,Pass
1442,CSE24289,CSE502,58,C,Pass
1443,CSE24289,CSE503,60,B,Pass
1444,CSE24289,CSE504,54,C,Pass
1445,CSE24289,CSE505,51,C,Pass
1446,CSE24290,CSE401,47,D,Pass
1447,CSE24290,CSE402,39,D,Pass
1448,CSE24290,CSE403,45,D,Pass
1449,CSE24290,CSE404,38,D,Pass
1450,CSE24290,CSE405,42,D,Pass
1451,CE24291,CE401,40,D,Pass
1452,CE24291,CE402,42,D,Pass
1453,CE24291,CE403,44,D,Pass
1454,CE24291,CE404,42,D,Pass
1455,CE24291,CE405,46,D,Pass
1456,CE24292,CE301,67,B,Pass
1457,CE24292,CE302,66,B,Pass
1458,CE24292,CE303,56,C,Pass
1459,CE24292,CE304,54,C,Pass
1460,CE24292,CE305,58,C,Pass
1461,CSE24293,CSE701,57,C,Pass
1462,CSE24293,CSE702,57,C,Pass
1463,CSE24293,CSE703,56,C,Pass
1464,CSE24293,CSE704,66,B,Pass
1465,CSE24293,CSE705,68,B,Pass
1466,AI24294,AI801,86,A,Pass
1467,AI24294,AI802,94,A+,Pass
1468,AI24294,AI803,86,A,Pass
1469,AI24294,AI804,91,A+,Pass
1470,AI24294,AI805,86,A,Pass
1471,ME24295,ME701,97,A+,Pass
1472,ME24295,ME702,94,A+,Pass
1473,ME24295,ME703,89,A,Pass
1474,ME24295,ME704,87,A,Pass
1475,ME24295,ME705,95,A+,Pass
1476,IT24296,IT101,32,F,Fail
1477,IT24296,IT102,34,F,Fail
1478,IT24296,IT103,8,F,Fail
1479,IT24296,IT104,16,F,Fail
1480,IT24296,IT105,25,F,Fail
1481,AI24297,AI201,96,A+,Pass
1482,AI24297,AI202,85,A,Pass
1483,AI24297,AI203,90,A+,Pass
1484,AI24297,AI204,92,A+,Pass
1485,AI24297,AI205,96,A+,Pass
1486,CE24298,CE601,86,A,Pass
1487,CE24298,CE602,92,A+,Pass
1488,CE24298,CE603,91,A+,Pass
1489,CE24298,CE604,99,A+,Pass
1490,CE24298,CE605,97,A+,Pass
1491,ME24299,ME401,26,F,Fail
1492,ME24299,ME402,0,F,Fail
1493,ME24299,ME403,27,F,Fail
1494,ME24299,ME404,4,F,Fail
1495,ME24299,ME405,12,F,Fail
1496,CE24300,CE801,77,B+,Pass
1497,CE24300,CE802,74,B+,Pass
1498,CE24300,CE803,72,B+,Pass
1499,CE24300,CE804,84,A,Pass
1500,CE24300,CE805,70,B+,Pass
1501,IT24301,IT801,81,A,Pass
1502,IT24301,IT802,79,B+,Pass
1503,IT24301,IT803,78,B+,Pass
1504,IT24301,IT804,81,A,Pass
1505,IT24301,IT805,76,B+,Pass
1506,ME24302,ME101,95,A+,Pass
1507,ME24302,ME102,98,A+,Pass
1508,ME24302,ME103,90,A+,Pass
1509,ME24302,ME104,91,A+,Pass
1510,ME24302,ME105,94,A+,Pass
1511,ME24303,ME701,38,D,Pass
1512,ME24303,ME702,40,D,Pass
1513,ME24303,ME703,42,D,Pass
1514,ME24303,ME704,39,D,Pass
1515,ME24303,ME705,44,D,Pass
1516,CE24304,CE401,85,A,Pass
1517,CE24304,CE402,86,A,Pass
1518,CE24304,CE403,93,A+,Pass
1519,CE24304,CE404,92,A+,Pass
1520,CE24304,CE405,93,A+,Pass
1521,IT24305,IT701,48,D,Pass
1522,IT24305,IT702,46,D,Pass
1523,IT24305,IT703,45,D,Pass
1524,IT24305,IT704,43,D,Pass
1525,IT24305,IT705,40,D,Pass
1526,IT24306,IT201,44,D,Pass
1527,IT24306,IT202,49,D,Pass
1528,IT24306,IT203,48,D,Pass
1529,IT24306,IT204,40,D,Pass
1530,IT24306,IT205,46,D,Pass
1531,ME24307,ME101,29,F,Fail
1532,ME24307,ME102,22,F,Fail
1533,ME24307,ME103,13,F,Fail
1534,ME24307,ME104,31,F,Fail
1535,ME24307,ME105,28,F,Fail
1536,CE24308,CE301,61,B,Pass
1537,CE24308,CE302,59,C,Pass
1538,CE24308,CE303,57,C,Pass
1539,CE24308,CE304,61,B,Pass
1540,CE24308,CE305,51,C,Pass
1541,IT24309,IT201,88,A,Pass
1542,IT24309,IT202,96,A+,Pass
1543,IT24309,IT203,98,A+,Pass
1544,IT24309,IT204,100,A+,Pass
1545,IT24309,IT205,85,A,Pass
1546,CE24310,CE101,64,B,Pass
1547,CE24310,CE102,58,C,Pass
1548,CE24310,CE103,64,B,Pass
1549,CE24310,CE104,62,B,Pass
1550,CE24310,CE105,60,B,Pass
1551,IT24311,IT801,97,A+,Pass
1552,IT24311,IT802,92,A+,Pass
1553,IT24311,IT803,98,A+,Pass
1554,IT24311,IT804,96,A+,Pass
1555,IT24311,IT805,89,A,Pass
1556,AI24312,AI801,30,F,Fail
1557,AI24312,AI802,22,F,Fail
1558,AI24312,AI803,6,F,Fail
1559,AI24312,AI804,13,F,Fail
1560,AI24312,AI805,7,F,Fail
1561,CSE24313,CSE601,27,F,Fail
1562,CSE24313,CSE602,3,F,Fail
1563,CSE24313,CSE603,29,F,Fail
1564,CSE24313,CSE604,30,F,Fail
1565,CSE24313,CSE605,18,F,Fail
1566,ME24314,ME701,96,A+,Pass
1567,ME24314,ME702,92,A+,Pass
1568,ME24314,ME703,86,A,Pass
1569,ME24314,ME704,96,A+,Pass
1570,ME24314,ME705,94,A+,Pass
1571,CSE24315,CSE201,88,A,Pass
1572,CSE24315,CSE202,93,A+,Pass
1573,CSE24315,CSE203,100,A+,Pass
1574,CSE24315,CSE204,95,A+,Pass
1575,CSE24315,CSE205,93,A+,Pass
1576,CE24316,CE501,73,B+,Pass
1577,CE24316,CE502,81,A,Pass
1578,CE24316,CE503,73,B+,Pass
1579,CE24316,CE504,83,A,Pass
1580,CE24316,CE505,75,B+,Pass
1581,AI24317,AI601,19,F,Fail
1582,AI24317,AI602,33,F,Fail
1583,AI24317,AI603,25,F,Fail
1584,AI24317,AI604,2,F,Fail
1585,AI24317,AI605,34,F,Fail
1586,CSE24318,CSE301,44,D,Pass
1587,CSE24318,CSE302,35,D,Pass
1588,CSE24318,CSE303,44,D,Pass
1589,CSE24318,CSE304,40,D,Pass
1590,CSE24318,CSE305,46,D,Pass
1591,ME24319,ME501,69,B,Pass
1592,ME24319,ME502,63,B,Pass
1593,ME24319,ME503,67,B,Pass
1594,ME24319,ME504,53,C,Pass
1595,ME24319,ME505,63,B,Pass
1596,IT24320,IT401,41,D,Pass
1597,IT24320,IT402,36,D,Pass
1598,IT24320,IT403,47,D,Pass
1599,IT24320,IT404,42,D,Pass
1600,IT24320,IT405,47,D,Pass
1601,IT24321,IT201,79,B+,Pass
1602,IT24321,IT202,81,A,Pass
1603,IT24321,IT203,78,B+,Pass
1604,IT24321,IT204,70,B+,Pass
1605,IT24321,IT205,76,B+,Pass
1606,ME24322,ME101,35,D,Pass
1607,ME24322,ME102,49,D,Pass
1608,ME24322,ME103,40,D,Pass
1609,ME24322,ME104,46,D,Pass
1610,ME24322,ME105,37,D,Pass
1611,CSE24323,CSE101,36,D,Pass
1612,CSE24323,CSE102,44,D,Pass
1613,CSE24323,CSE103,37,D,Pass
1614,CSE24323,CSE104,47,D,Pass
1615,CSE24323,CSE105,39,D,Pass
1616,IT24324,IT301,74,B+,Pass
1617,IT24324,IT302,78,B+,Pass
1618,IT24324,IT303,74,B+,Pass
1619,IT24324,IT304,83,A,Pass
1620,IT24324,IT305,71,B+,Pass
1621,CSE24325,CSE801,21,F,Fail
1622,CSE24325,CSE802,9,F,Fail
1623,CSE24325,CSE803,25,F,Fail
1624,CSE24325,CSE804,27,F,Fail
1625,CSE24325,CSE805,28,F,Fail
1626,IT24326,IT701,84,A,Pass
1627,IT24326,IT702,76,B+,Pass
1628,IT24326,IT703,80,A,Pass
1629,IT24326,IT704,70,B+,Pass
1630,IT24326,IT705,84,A,Pass
1631,IT24327,IT201,87,A,Pass
1632,IT24327,IT202,95,A+,Pass
1633,IT24327,IT203,96,A+,Pass
1634,IT24327,IT204,94,A+,Pass
1635,IT24327,IT205,85,A,Pass
1636,IT24328,IT101,57,C,Pass
1637,IT24328,IT102,50,C,Pass
1638,IT24328,IT103,68,B,Pass
1639,IT24328,IT104,69,B,Pass
1640,IT24328,IT105,66,B,Pass
1641,CSE24329,CSE701,64,B,Pass
1642,CSE24329,CSE702,59,C,Pass
1643,CSE24329,CSE703,57,C,Pass
1644,CSE24329,CSE704,69,B,Pass
1645,CSE24329,CSE705,66,B,Pass
1646,ME24330,ME501,68,B,Pass
1647,ME24330,ME502,58,C,Pass
1648,ME24330,ME503,59,C,Pass
1649,ME24330,ME504,53,C,Pass
1650,ME24330,ME505,61,B,Pass
1651,CSE24331,CSE301,78,B+,Pass
1652,CSE24331,CSE302,77,B+,Pass
1653,CSE24331,CSE303,81,A,Pass
1654,CSE24331,CSE304,83,A,Pass
1655,CSE24331,CSE305,75,B+,Pass
1656,IT24332,IT101,36,D,Pass
1657,IT24332,IT102,39,D,Pass
1658,IT24332,IT103,40,D,Pass
1659,IT24332,IT104,46,D,Pass
1660,IT24332,IT105,44,D,Pass
1661,IT24333,IT801,54,C,Pass
1662,IT24333,IT802,69,B,Pass
1663,IT24333,IT803,57,C,Pass
1664,IT24333,IT804,57,C,Pass
1665,IT24333,IT805,66,B,Pass
1666,CE24334,CE401,38,D,Pass
1667,CE24334,CE402,36,D,Pass
1668,CE24334,CE403,36,D,Pass
1669,CE24334,CE404,47,D,Pass
1670,CE24334,CE405,40,D,Pass
1671,IT24335,IT401,40,D,Pass
1672,IT24335,IT402,47,D,Pass
1673,IT24335,IT403,44,D,Pass
1674,IT24335,IT404,39,D,Pass
1675,IT24335,IT405,35,D,Pass
1676,ME24336,ME401,27,F,Fail
1677,ME24336,ME402,23,F,Fail
1678,ME24336,ME403,23,F,Fail
1679,ME24336,ME404,25,F,Fail
1680,ME24336,ME405,24,F,Fail
1681,CE24337,CE701,87,A,Pass
1682,CE24337,CE702,88,A,Pass
1683,CE24337,CE703,96,A+,Pass
1684,CE24337,CE704,85,A,Pass
1685,CE24337,CE705,99,A+,Pass
1686,IT24338,IT601,60,B,Pass
1687,IT24338,IT602,69,B,Pass
1688,IT24338,IT603,51,C,Pass
1689,IT24338,IT604,63,B,Pass
1690,IT24338,IT605,65,B,Pass
1691,ME24339,ME801,9,F,Fail
1692,ME24339,ME802,19,F,Fail
1693,ME24339,ME803,14,F,Fail
1694,ME24339,ME804,1,F,Fail
1695,ME24339,ME805,30,F,Fail
1696,AI24340,AI501,41,D,Pass
1697,AI24340,AI502,48,D,Pass
1698,AI24340,AI503,42,D,Pass
1699,AI24340,AI504,40,D,Pass
1700,AI24340,AI505,45,D,Pass
1701,ME24341,ME401,41,D,Pass
1702,ME24341,ME402,36,D,Pass
1703,ME24341,ME403,40,D,Pass
1704,ME24341,ME404,47,D,Pass
1705,ME24341,ME405,48,D,Pass
1706,CSE24342,CSE601,44,D,Pass
1707,CSE24342,CSE602,46,D,Pass
1708,CSE24342,CSE603,49,D,Pass
1709,CSE24342,CSE604,46,D,Pass
1710,CSE24342,CSE605,45,D,Pass
1711,ME24343,ME101,20,F,Fail
1712,ME24343,ME102,17,F,Fail
1713,ME24343,ME103,8,F,Fail
1714,ME24343,ME104,22,F,Fail
1715,ME24343,ME105,16,F,Fail
1716,IT24344,IT701,78,B+,Pass
1717,IT24344,IT702,72,B+,Pass
1718,IT24344,IT703,78,B+,Pass
1719,IT24344,IT704,78,B+,Pass
1720,IT24344,IT705,80,A,Pass
1721,CSE24345,CSE701,59,C,Pass
1722,CSE24345,CSE702,66,B,Pass
1723,CSE24345,CSE703,69,B,Pass
1724,CSE24345,CSE704,56,C,Pass
1725,CSE24345,CSE705,51,C,Pass
1726,ME24346,ME501,46,D,Pass
1727,ME24346,ME502,35,D,Pass
1728,ME24346,ME503,44,D,Pass
1729,ME24346,ME504,42,D,Pass
1730,ME24346,ME505,42,D,Pass
1731,CE24347,CE101,74,B+,Pass
1732,CE24347,CE102,78,B+,Pass
1733,CE24347,CE103,83,A,Pass
1734,CE24347,CE104,84,A,Pass
1735,CE24347,CE105,77,B+,Pass
1736,CE24348,CE401,59,C,Pass
1737,CE24348,CE402,67,B,Pass
1738,CE24348,CE403,51,C,Pass
1739,CE24348,CE404,61,B,Pass
1740,CE24348,CE405,68,B,Pass
1741,AI24349,AI101,80,A,Pass
1742,AI24349,AI102,80,A,Pass
1743,AI24349,AI103,80,A,Pass
1744,AI24349,AI104,70,B+,Pass
1745,AI24349,AI105,75,B+,Pass
1746,IT24350,IT401,30,F,Fail
1747,IT24350,IT402,31,F,Fail
1748,IT24350,IT403,26,F,Fail
1749,IT24350,IT404,14,F,Fail
1750,IT24350,IT405,23,F,Fail
1751,CE24351,CE201,48,D,Pass
1752,CE24351,CE202,38,D,Pass
1753,CE24351,CE203,49,D,Pass
1754,CE24351,CE204,35,D,Pass
1755,CE24351,CE205,43,D,Pass
1756,AI24352,AI601,79,B+,Pass
1757,AI24352,AI602,83,A,Pass
1758,AI24352,AI603,74,B+,Pass
1759,AI24352,AI604,73,B+,Pass
1760,AI24352,AI605,74,B+,Pass
1761,CE24353,CE801,81,A,Pass
1762,CE24353,CE802,82,A,Pass
1763,CE24353,CE803,77,B+,Pass
1764,CE24353,CE804,75,B+,Pass
1765,CE24353,CE805,73,B+,Pass
1766,CE24354,CE701,96,A+,Pass
1767,CE24354,CE702,91,A+,Pass
1768,CE24354,CE703,96,A+,Pass
1769,CE24354,CE704,93,A+,Pass
1770,CE24354,CE705,89,A,Pass
1771,AI24355,AI101,24,F,Fail
1772,AI24355,AI102,20,F,Fail
1773,AI24355,AI103,24,F,Fail
1774,AI24355,AI104,33,F,Fail
1775,AI24355,AI105,24,F,Fail
1776,ME24356,ME801,28,F,Fail
1777,ME24356,ME802,10,F,Fail
1778,ME24356,ME803,19,F,Fail
1779,ME24356,ME804,22,F,Fail
1780,ME24356,ME805,11,F,Fail
1781,CE24357,CE201,42,D,Pass
1782,CE24357,CE202,48,D,Pass
1783,CE24357,CE203,46,D,Pass
1784,CE24357,CE204,43,D,Pass
1785,CE24357,CE205,35,D,Pass
1786,IT24358,IT101,29,F,Fail
1787,IT24358,IT102,13,F,Fail
1788,IT24358,IT103,3,F,Fail
1789,IT24358,IT104,8,F,Fail
1790,IT24358,IT105,3,F,Fail
1791,AI24359,AI101,51,C,Pass
1792,AI24359,AI102,66,B,Pass
1793,AI24359,AI103,68,B,Pass
1794,AI24359,AI104,54,C,Pass
1795,AI24359,AI105,50,C,Pass
1796,ME24360,ME601,56,C,Pass
1797,ME24360,ME602,61,B,Pass
1798,ME24360,ME603,62,B,Pass
1799,ME24360,ME604,57,C,Pass
1800,ME24360,ME605,51,C,Pass
1801,IT24361,IT401,86,A,Pass
1802,IT24361,IT402,85,A,Pass
1803,IT24361,IT403,86,A,Pass
1804,IT24361,IT404,85,A,Pass
1805,IT24361,IT405,95,A+,Pass
1806,IT24362,IT301,97,A+,Pass
1807,IT24362,IT302,88,A,Pass
1808,IT24362,IT303,95,A+,Pass
1809,IT24362,IT304,98,A+,Pass
1810,IT24362,IT305,90,A+,Pass
1811,AI24363,AI801,39,D,Pass
1812,AI24363,AI802,48,D,Pass
1813,AI24363,AI803,47,D,Pass
1814,AI24363,AI804,40,D,Pass
1815,AI24363,AI805,38,D,Pass
1816,ME24364,ME201,53,C,Pass
1817,ME24364,ME202,57,C,Pass
1818,ME24364,ME203,55,C,Pass
1819,ME24364,ME204,63,B,Pass
1820,ME24364,ME205,67,B,Pass
1821,IT24365,IT601,29,F,Fail
1822,IT24365,IT602,25,F,Fail
1823,IT24365,IT603,31,F,Fail
1824,IT24365,IT604,24,F,Fail
1825,IT24365,IT605,5,F,Fail
1826,ME24366,ME401,18,F,Fail
1827,ME24366,ME402,33,F,Fail
1828,ME24366,ME403,18,F,Fail
1829,ME24366,ME404,34,F,Fail
1830,ME24366,ME405,30,F,Fail
1831,ME24367,ME101,87,A,Pass
1832,ME24367,ME102,94,A+,Pass
1833,ME24367,ME103,86,A,Pass
1834,ME24367,ME104,86,A,Pass
1835,ME24367,ME105,91,A+,Pass
1836,AI24368,AI801,48,D,Pass
1837,AI24368,AI802,45,D,Pass
1838,AI24368,AI803,37,D,Pass
1839,AI24368,AI804,49,D,Pass
1840,AI24368,AI805,38,D,Pass
1841,IT24369,IT801,51,C,Pass
1842,IT24369,IT802,62,B,Pass
1843,IT24369,IT803,63,B,Pass
1844,IT24369,IT804,69,B,Pass
1845,IT24369,IT805,62,B,Pass
1846,AI24370,AI101,63,B,Pass
1847,AI24370,AI102,51,C,Pass
1848,AI24370,AI103,50,C,Pass
1849,AI24370,AI104,55,C,Pass
1850,AI24370,AI105,63,B,Pass
1851,AI24371,AI201,46,D,Pass
1852,AI24371,AI202,42,D,Pass
1853,AI24371,AI203,47,D,Pass
1854,AI24371,AI204,36,D,Pass
1855,AI24371,AI205,49,D,Pass
1856,CSE24372,CSE601,33,F,Fail
1857,CSE24372,CSE602,28,F,Fail
1858,CSE24372,CSE603,11,F,Fail
1859,CSE24372,CSE604,30,F,Fail
1860,CSE24372,CSE605,21,F,Fail
1861,ME24373,ME701,76,B+,Pass
1862,ME24373,ME702,75,B+,Pass
1863,ME24373,ME703,74,B+,Pass
1864,ME24373,ME704,72,B+,Pass
1865,ME24373,ME705,70,B+,Pass
1866,ME24374,ME301,53,C,Pass
1867,ME24374,ME302,52,C,Pass
1868,ME24374,ME303,62,B,Pass
1869,ME24374,ME304,66,B,Pass
1870,ME24374,ME305,62,B,Pass
1871,AI24375,AI701,96,A+,Pass
1872,AI24375,AI702,100,A+,Pass
1873,AI24375,AI703,86,A,Pass
1874,AI24375,AI704,86,A,Pass
1875,AI24375,AI705,92,A+,Pass
1876,IT24376,IT401,27,F,Fail
1877,IT24376,IT402,25,F,Fail
1878,IT24376,IT403,20,F,Fail
1879,IT24376,IT404,23,F,Fail
1880,IT24376,IT405,30,F,Fail
1881,CE24377,CE601,85,A,Pass
1882,CE24377,CE602,89,A,Pass
1883,CE24377,CE603,90,A+,Pass
1884,CE24377,CE604,87,A,Pass
1885,CE24377,CE605,86,A,Pass
1886,CSE24378,CSE401,38,D,Pass
1887,CSE24378,CSE402,38,D,Pass
1888,CSE24378,CSE403,38,D,Pass
1889,CSE24378,CSE404,41,D,Pass
1890,CSE24378,CSE405,43,D,Pass
1891,CE24379,CE401,64,B,Pass
1892,CE24379,CE402,67,B,Pass
1893,CE24379,CE403,59,C,Pass
1894,CE24379,CE404,58,C,Pass
1895,CE24379,CE405,51,C,Pass
1896,ME24380,ME401,85,A,Pass
1897,ME24380,ME402,97,A+,Pass
1898,ME24380,ME403,98,A+,Pass
1899,ME24380,ME404,85,A,Pass
1900,ME24380,ME405,91,A+,Pass
1901,ME24381,ME501,64,B,Pass
1902,ME24381,ME502,66,B,Pass
1903,ME24381,ME503,52,C,Pass
1904,ME24381,ME504,57,C,Pass
1905,ME24381,ME505,50,C,Pass
1906,IT24382,IT101,4,F,Fail
1907,IT24382,IT102,33,F,Fail
1908,IT24382,IT103,7,F,Fail
1909,IT24382,IT104,0,F,Fail
1910,IT24382,IT105,31,F,Fail
1911,IT24383,IT601,90,A+,Pass
1912,IT24383,IT602,88,A,Pass
1913,IT24383,IT603,100,A+,Pass
1914,IT24383,IT604,93,A+,Pass
1915,IT24383,IT605,96,A+,Pass
1916,CE24384,CE601,64,B,Pass
1917,CE24384,CE602,64,B,Pass
1918,CE24384,CE603,57,C,Pass
1919,CE24384,CE604,59,C,Pass
1920,CE24384,CE605,61,B,Pass
1921,IT24385,IT201,94,A+,Pass
1922,IT24385,IT202,91,A+,Pass
1923,IT24385,IT203,92,A+,Pass
1924,IT24385,IT204,99,A+,Pass
1925,IT24385,IT205,88,A,Pass
1926,AI24386,AI201,45,D,Pass
1927,AI24386,AI202,35,D,Pass
1928,AI24386,AI203,43,D,Pass
1929,AI24386,AI204,47,D,Pass
1930,AI24386,AI205,45,D,Pass
1931,ME24387,ME301,39,D,Pass
1932,ME24387,ME302,39,D,Pass
1933,ME24387,ME303,39,D,Pass
1934,ME24387,ME304,45,D,Pass
1935,ME24387,ME305,39,D,Pass
1936,CE24388,CE801,11,F,Fail
1937,CE24388,CE802,33,F,Fail
1938,CE24388,CE803,24,F,Fail
1939,CE24388,CE804,31,F,Fail
1940,CE24388,CE805,18,F,Fail
1941,CE24389,CE601,80,A,Pass
1942,CE24389,CE602,73,B+,Pass
1943,CE24389,CE603,82,A,Pass
1944,CE24389,CE604,78,B+,Pass
1945,CE24389,CE605,84,A,Pass
1946,AI24390,AI401,40,D,Pass
1947,AI24390,AI402,41,D,Pass
1948,AI24390,AI403,46,D,Pass
1949,AI24390,AI404,37,D,Pass
1950,AI24390,AI405,35,D,Pass
1951,ME24391,ME301,67,B,Pass
1952,ME24391,ME302,59,C,Pass
1953,ME24391,ME303,63,B,Pass
1954,ME24391,ME304,63,B,Pass
1955,ME24391,ME305,62,B,Pass
1956,ME24392,ME301,100,A+,Pass
1957,ME24392,ME302,96,A+,Pass
1958,ME24392,ME303,90,A+,Pass
1959,ME24392,ME304,89,A,Pass
1960,ME24392,ME305,100,A+,Pass
1961,IT24393,IT701,91,A+,Pass
1962,IT24393,IT702,90,A+,Pass
1963,IT24393,IT703,91,A+,Pass
1964,IT24393,IT704,91,A+,Pass
1965,IT24393,IT705,89,A,Pass
1966,IT24394,IT801,94,A+,Pass
1967,IT24394,IT802,86,A,Pass
1968,IT24394,IT803,93,A+,Pass
1969,IT24394,IT804,95,A+,Pass
1970,IT24394,IT805,95,A+,Pass
1971,AI24395,AI801,98,A+,Pass
1972,AI24395,AI802,93,A+,Pass
1973,AI24395,AI803,95,A+,Pass
1974,AI24395,AI804,96,A+,Pass
1975,AI24395,AI805,90,A+,Pass
1976,AI24396,AI701,96,A+,Pass
1977,AI24396,AI702,99,A+,Pass
1978,AI24396,AI703,91,A+,Pass
1979,AI24396,AI704,100,A+,Pass
1980,AI24396,AI705,87,A,Pass
1981,AI24397,AI101,97,A+,Pass
1982,AI24397,AI102,95,A+,Pass
1983,AI24397,AI103,96,A+,Pass
1984,AI24397,AI104,100,A+,Pass
1985,AI24397,AI105,96,A+,Pass
1986,CSE24398,CSE301,49,D,Pass
1987,CSE24398,CSE302,35,D,Pass
1988,CSE24398,CSE303,49,D,Pass
1989,CSE24398,CSE304,38,D,Pass
1990,CSE24398,CSE305,49,D,Pass
1991,AI24399,AI701,42,D,Pass
1992,AI24399,AI702,44,D,Pass
1993,AI24399,AI703,44,D,Pass
1994,AI24399,AI704,38,D,Pass
1995,AI24399,AI705,47,D,Pass
1996,CE24400,CE801,13,F,Fail
1997,CE24400,CE802,12,F,Fail
1998,CE24400,CE803,32,F,Fail
1999,CE24400,CE804,14,F,Fail
2000,CE24400,CE805,31,F,Fail
2001,IT24401,IT101,92,A+,Pass
2002,IT24401,IT102,87,A,Pass
2003,IT24401,IT103,98,A+,Pass
2004,IT24401,IT104,98,A+,Pass
2005,IT24401,IT105,91,A+,Pass
2006,CE24402,CE301,97,A+,Pass
2007,CE24402,CE302,98,A+,Pass
2008,CE24402,CE303,93,A+,Pass
2009,CE24402,CE304,99,A+,Pass
2010,CE24402,CE305,95,A+,Pass
2011,CSE24403,CSE601,5,F,Fail
2012,CSE24403,CSE602,19,F,Fail
2013,CSE24403,CSE603,7,F,Fail
2014,CSE24403,CSE604,9,F,Fail
2015,CSE24403,CSE605,31,F,Fail
2016,IT24404,IT201,61,B,Pass
2017,IT24404,IT202,69,B,Pass
2018,IT24404,IT203,64,B,Pass
2019,IT24404,IT204,53,C,Pass
2020,IT24404,IT205,52,C,Pass
2021,ME24405,ME501,34,F,Fail
2022,ME24405,ME502,16,F,Fail
2023,ME24405,ME503,14,F,Fail
2024,ME24405,ME504,20,F,Fail
2025,ME24405,ME505,26,F,Fail
2026,ME24406,ME101,47,D,Pass
2027,ME24406,ME102,49,D,Pass
2028,ME24406,ME103,39,D,Pass
2029,ME24406,ME104,41,D,Pass
2030,ME24406,ME105,39,D,Pass
2031,AI24407,AI301,100,A+,Pass
2032,AI24407,AI302,92,A+,Pass
2033,AI24407,AI303,98,A+,Pass
2034,AI24407,AI304,95,A+,Pass
2035,AI24407,AI305,94,A+,Pass
2036,CE24408,CE101,63,B,Pass
2037,CE24408,CE102,54,C,Pass
2038,CE24408,CE103,66,B,Pass
2039,CE24408,CE104,63,B,Pass
2040,CE24408,CE105,56,C,Pass
2041,ME24409,ME601,47,D,Pass
2042,ME24409,ME602,40,D,Pass
2043,ME24409,ME603,46,D,Pass
2044,ME24409,ME604,36,D,Pass
2045,ME24409,ME605,42,D,Pass
2046,CSE24410,CSE601,59,C,Pass
2047,CSE24410,CSE602,69,B,Pass
2048,CSE24410,CSE603,55,C,Pass
2049,CSE24410,CSE604,67,B,Pass
2050,CSE24410,CSE605,67,B,Pass
2051,IT24411,IT801,87,A,Pass
2052,IT24411,IT802,91,A+,Pass
2053,IT24411,IT803,92,A+,Pass
2054,IT24411,IT804,93,A+,Pass
2055,IT24411,IT805,87,A,Pass
2056,IT24412,IT701,80,A,Pass
2057,IT24412,IT702,84,A,Pass
2058,IT24412,IT703,74,B+,Pass
2059,IT24412,IT704,74,B+,Pass
2060,IT24412,IT705,71,B+,Pass
2061,ME24413,ME101,66,B,Pass
2062,ME24413,ME102,50,C,Pass
2063,ME24413,ME103,54,C,Pass
2064,ME24413,ME104,60,B,Pass
2065,ME24413,ME105,64,B,Pass
2066,CE24414,CE401,21,F,Fail
2067,CE24414,CE402,13,F,Fail
2068,CE24414,CE403,16,F,Fail
2069,CE24414,CE404,23,F,Fail
2070,CE24414,CE405,3,F,Fail
2071,CSE24415,CSE801,42,D,Pass
2072,CSE24415,CSE802,48,D,Pass
2073,CSE24415,CSE803,41,D,Pass
2074,CSE24415,CSE804,40,D,Pass
2075,CSE24415,CSE805,43,D,Pass
2076,ME24416,ME801,51,C,Pass
2077,ME24416,ME802,55,C,Pass
2078,ME24416,ME803,65,B,Pass
2079,ME24416,ME804,67,B,Pass
2080,ME24416,ME805,58,C,Pass
2081,CSE24417,CSE501,13,F,Fail
2082,CSE24417,CSE502,5,F,Fail
2083,CSE24417,CSE503,17,F,Fail
2084,CSE24417,CSE504,32,F,Fail
2085,CSE24417,CSE505,8,F,Fail
2086,AI24418,AI301,15,F,Fail
2087,AI24418,AI302,31,F,Fail
2088,AI24418,AI303,1,F,Fail
2089,AI24418,AI304,17,F,Fail
2090,AI24418,AI305,26,F,Fail
2091,AI24419,AI801,44,D,Pass
2092,AI24419,AI802,49,D,Pass
2093,AI24419,AI803,42,D,Pass
2094,AI24419,AI804,43,D,Pass
2095,AI24419,AI805,44,D,Pass
2096,CSE24420,CSE101,14,F,Fail
2097,CSE24420,CSE102,12,F,Fail
2098,CSE24420,CSE103,17,F,Fail
2099,CSE24420,CSE104,33,F,Fail
2100,CSE24420,CSE105,20,F,Fail
2101,ME24421,ME201,94,A+,Pass
2102,ME24421,ME202,96,A+,Pass
2103,ME24421,ME203,91,A+,Pass
2104,ME24421,ME204,95,A+,Pass
2105,ME24421,ME205,88,A,Pass
2106,IT24422,IT101,70,B+,Pass
2107,IT24422,IT102,81,A,Pass
2108,IT24422,IT103,72,B+,Pass
2109,IT24422,IT104,84,A,Pass
2110,IT24422,IT105,72,B+,Pass
2111,IT24423,IT601,45,D,Pass
2112,IT24423,IT602,43,D,Pass
2113,IT24423,IT603,49,D,Pass
2114,IT24423,IT604,47,D,Pass
2115,IT24423,IT605,35,D,Pass
2116,AI24424,AI101,83,A,Pass
2117,AI24424,AI102,77,B+,Pass
2118,AI24424,AI103,71,B+,Pass
2119,AI24424,AI104,71,B+,Pass
2120,AI24424,AI105,79,B+,Pass
2121,AI24425,AI801,26,F,Fail
2122,AI24425,AI802,28,F,Fail
2123,AI24425,AI803,25,F,Fail
2124,AI24425,AI804,6,F,Fail
2125,AI24425,AI805,14,F,Fail
2126,IT24426,IT601,69,B,Pass
2127,IT24426,IT602,62,B,Pass
2128,IT24426,IT603,64,B,Pass
2129,IT24426,IT604,69,B,Pass
2130,IT24426,IT605,63,B,Pass
2131,IT24427,IT301,8,F,Fail
2132,IT24427,IT302,23,F,Fail
2133,IT24427,IT303,26,F,Fail
2134,IT24427,IT304,9,F,Fail
2135,IT24427,IT305,14,F,Fail
2136,AI24428,AI601,44,D,Pass
2137,AI24428,AI602,40,D,Pass
2138,AI24428,AI603,40,D,Pass
2139,AI24428,AI604,42,D,Pass
2140,AI24428,AI605,49,D,Pass
2141,CSE24429,CSE701,53,C,Pass
2142,CSE24429,CSE702,59,C,Pass
2143,CSE24429,CSE703,50,C,Pass
2144,CSE24429,CSE704,58,C,Pass
2145,CSE24429,CSE705,57,C,Pass
2146,IT24430,IT301,56,C,Pass
2147,IT24430,IT302,51,C,Pass
2148,IT24430,IT303,62,B,Pass
2149,IT24430,IT304,60,B,Pass
2150,IT24430,IT305,51,C,Pass
2151,CSE24431,CSE401,72,B+,Pass
2152,CSE24431,CSE402,83,A,Pass
2153,CSE24431,CSE403,78,B+,Pass
2154,CSE24431,CSE404,71,B+,Pass
2155,CSE24431,CSE405,74,B+,Pass
2156,ME24432,ME801,95,A+,Pass
2157,ME24432,ME802,95,A+,Pass
2158,ME24432,ME803,92,A+,Pass
2159,ME24432,ME804,97,A+,Pass
2160,ME24432,ME805,89,A,Pass
2161,CSE24433,CSE201,6,F,Fail
2162,CSE24433,CSE202,6,F,Fail
2163,CSE24433,CSE203,29,F,Fail
2164,CSE24433,CSE204,17,F,Fail
2165,CSE24433,CSE205,6,F,Fail
2166,CE24434,CE801,81,A,Pass
2167,CE24434,CE802,73,B+,Pass
2168,CE24434,CE803,80,A,Pass
2169,CE24434,CE804,72,B+,Pass
2170,CE24434,CE805,79,B+,Pass
2171,CSE24435,CSE201,6,F,Fail
2172,CSE24435,CSE202,9,F,Fail
2173,CSE24435,CSE203,31,F,Fail
2174,CSE24435,CSE204,22,F,Fail
2175,CSE24435,CSE205,20,F,Fail
2176,ME24436,ME301,46,D,Pass
2177,ME24436,ME302,35,D,Pass
2178,ME24436,ME303,46,D,Pass
2179,ME24436,ME304,43,D,Pass
2180,ME24436,ME305,43,D,Pass
2181,ME24437,ME401,57,C,Pass
2182,ME24437,ME402,62,B,Pass
2183,ME24437,ME403,67,B,Pass
2184,ME24437,ME404,58,C,Pass
2185,ME24437,ME405,53,C,Pass
2186,CE24438,CE501,72,B+,Pass
2187,CE24438,CE502,74,B+,Pass
2188,CE24438,CE503,70,B+,Pass
2189,CE24438,CE504,73,B+,Pass
2190,CE24438,CE505,76,B+,Pass
2191,AI24439,AI301,59,C,Pass
2192,AI24439,AI302,60,B,Pass
2193,AI24439,AI303,51,C,Pass
2194,AI24439,AI304,67,B,Pass
2195,AI24439,AI305,57,C,Pass
2196,ME24440,ME401,93,A+,Pass
2197,ME24440,ME402,91,A+,Pass
2198,ME24440,ME403,97,A+,Pass
2199,ME24440,ME404,91,A+,Pass
2200,ME24440,ME405,87,A,Pass
2201,CSE24441,CSE501,56,C,Pass
2202,CSE24441,CSE502,65,B,Pass
2203,CSE24441,CSE503,53,C,Pass
2204,CSE24441,CSE504,56,C,Pass
2205,CSE24441,CSE505,53,C,Pass
2206,IT24442,IT401,95,A+,Pass
2207,IT24442,IT402,91,A+,Pass
2208,IT24442,IT403,87,A,Pass
2209,IT24442,IT404,91,A+,Pass
2210,IT24442,IT405,97,A+,Pass
2211,ME24443,ME201,77,B+,Pass
2212,ME24443,ME202,70,B+,Pass
2213,ME24443,ME203,80,A,Pass
2214,ME24443,ME204,73,B+,Pass
2215,ME24443,ME205,80,A,Pass
2216,CE24444,CE601,75,B+,Pass
2217,CE24444,CE602,84,A,Pass
2218,CE24444,CE603,81,A,Pass
2219,CE24444,CE604,70,B+,Pass
2220,CE24444,CE605,76,B+,Pass
2221,ME24445,ME801,75,B+,Pass
2222,ME24445,ME802,80,A,Pass
2223,ME24445,ME803,79,B+,Pass
2224,ME24445,ME804,82,A,Pass
2225,ME24445,ME805,82,A,Pass
2226,ME24446,ME101,29,F,Fail
2227,ME24446,ME102,6,F,Fail
2228,ME24446,ME103,20,F,Fail
2229,ME24446,ME104,17,F,Fail
2230,ME24446,ME105,16,F,Fail
2231,AI24447,AI801,8,F,Fail
2232,AI24447,AI802,11,F,Fail
2233,AI24447,AI803,32,F,Fail
2234,AI24447,AI804,14,F,Fail
2235,AI24447,AI805,28,F,Fail
2236,AI24448,AI201,86,A,Pass
2237,AI24448,AI202,95,A+,Pass
2238,AI24448,AI203,94,A+,Pass
2239,AI24448,AI204,93,A+,Pass
2240,AI24448,AI205,98,A+,Pass
2241,IT24449,IT701,6,F,Fail
2242,IT24449,IT702,22,F,Fail
2243,IT24449,IT703,27,F,Fail
2244,IT24449,IT704,24,F,Fail
2245,IT24449,IT705,12,F,Fail
2246,CE24450,CE301,90,A+,Pass
2247,CE24450,CE302,99,A+,Pass
2248,CE24450,CE303,93,A+,Pass
2249,CE24450,CE304,91,A+,Pass
2250,CE24450,CE305,87,A,Pass
2251,CSE24451,CSE501,88,A,Pass
2252,CSE24451,CSE502,87,A,Pass
2253,CSE24451,CSE503,86,A,Pass
2254,CSE24451,CSE504,96,A+,Pass
2255,CSE24451,CSE505,97,A+,Pass
2256,CSE24452,CSE301,81,A,Pass
2257,CSE24452,CSE302,79,B+,Pass
2258,CSE24452,CSE303,75,B+,Pass
2259,CSE24452,CSE304,76,B+,Pass
2260,CSE24452,CSE305,71,B+,Pass
2261,CE24453,CE401,4,F,Fail
2262,CE24453,CE402,34,F,Fail
2263,CE24453,CE403,6,F,Fail
2264,CE24453,CE404,15,F,Fail
2265,CE24453,CE405,34,F,Fail
2266,IT24454,IT401,59,C,Pass
2267,IT24454,IT402,64,B,Pass
2268,IT24454,IT403,66,B,Pass
2269,IT24454,IT404,54,C,Pass
2270,IT24454,IT405,58,C,Pass
2271,CSE24455,CSE601,87,A,Pass
2272,CSE24455,CSE602,87,A,Pass
2273,CSE24455,CSE603,93,A+,Pass
2274,CSE24455,CSE604,87,A,Pass
2275,CSE24455,CSE605,97,A+,Pass
2276,ME24456,ME601,31,F,Fail
2277,ME24456,ME602,33,F,Fail
2278,ME24456,ME603,15,F,Fail
2279,ME24456,ME604,12,F,Fail
2280,ME24456,ME605,7,F,Fail
2281,CE24457,CE401,84,A,Pass
2282,CE24457,CE402,78,B+,Pass
2283,CE24457,CE403,72,B+,Pass
2284,CE24457,CE404,78,B+,Pass
2285,CE24457,CE405,71,B+,Pass
2286,IT24458,IT801,49,D,Pass
2287,IT24458,IT802,39,D,Pass
2288,IT24458,IT803,44,D,Pass
2289,IT24458,IT804,46,D,Pass
2290,IT24458,IT805,46,D,Pass
2291,IT24459,IT501,31,F,Fail
2292,IT24459,IT502,2,F,Fail
2293,IT24459,IT503,4,F,Fail
2294,IT24459,IT504,26,F,Fail
2295,IT24459,IT505,19,F,Fail
2296,AI24460,AI101,91,A+,Pass
2297,AI24460,AI102,86,A,Pass
2298,AI24460,AI103,99,A+,Pass
2299,AI24460,AI104,100,A+,Pass
2300,AI24460,AI105,99,A+,Pass
2301,AI24461,AI401,94,A+,Pass
2302,AI24461,AI402,92,A+,Pass
2303,AI24461,AI403,96,A+,Pass
2304,AI24461,AI404,94,A+,Pass
2305,AI24461,AI405,97,A+,Pass
2306,CSE24462,CSE601,38,D,Pass
2307,CSE24462,CSE602,35,D,Pass
2308,CSE24462,CSE603,47,D,Pass
2309,CSE24462,CSE604,44,D,Pass
2310,CSE24462,CSE605,46,D,Pass
2311,AI24463,AI501,80,A,Pass
2312,AI24463,AI502,74,B+,Pass
2313,AI24463,AI503,83,A,Pass
2314,AI24463,AI504,76,B+,Pass
2315,AI24463,AI505,78,B+,Pass
2316,ME24464,ME201,64,B,Pass
2317,ME24464,ME202,66,B,Pass
2318,ME24464,ME203,59,C,Pass
2319,ME24464,ME204,68,B,Pass
2320,ME24464,ME205,56,C,Pass
2321,AI24465,AI101,84,A,Pass
2322,AI24465,AI102,84,A,Pass
2323,AI24465,AI103,73,B+,Pass
2324,AI24465,AI104,79,B+,Pass
2325,AI24465,AI105,83,A,Pass
2326,CSE24466,CSE301,43,D,Pass
2327,CSE24466,CSE302,35,D,Pass
2328,CSE24466,CSE303,48,D,Pass
2329,CSE24466,CSE304,37,D,Pass
2330,CSE24466,CSE305,47,D,Pass
2331,CSE24467,CSE201,93,A+,Pass
2332,CSE24467,CSE202,96,A+,Pass
2333,CSE24467,CSE203,87,A,Pass
2334,CSE24467,CSE204,96,A+,Pass
2335,CSE24467,CSE205,90,A+,Pass
2336,ME24468,ME201,81,A,Pass
2337,ME24468,ME202,80,A,Pass
2338,ME24468,ME203,82,A,Pass
2339,ME24468,ME204,74,B+,Pass
2340,ME24468,ME205,73,B+,Pass
2341,IT24469,IT301,61,B,Pass
2342,IT24469,IT302,59,C,Pass
2343,IT24469,IT303,69,B,Pass
2344,IT24469,IT304,67,B,Pass
2345,IT24469,IT305,57,C,Pass
2346,IT24470,IT701,81,A,Pass
2347,IT24470,IT702,70,B+,Pass
2348,IT24470,IT703,76,B+,Pass
2349,IT24470,IT704,84,A,Pass
2350,IT24470,IT705,84,A,Pass
2351,ME24471,ME801,50,C,Pass
2352,ME24471,ME802,55,C,Pass
2353,ME24471,ME803,59,C,Pass
2354,ME24471,ME804,51,C,Pass
2355,ME24471,ME805,63,B,Pass
2356,AI24472,AI101,61,B,Pass
2357,AI24472,AI102,69,B,Pass
2358,AI24472,AI103,58,C,Pass
2359,AI24472,AI104,56,C,Pass
2360,AI24472,AI105,65,B,Pass
2361,IT24473,IT101,90,A+,Pass
2362,IT24473,IT102,100,A+,Pass
2363,IT24473,IT103,98,A+,Pass
2364,IT24473,IT104,90,A+,Pass
2365,IT24473,IT105,85,A,Pass
2366,AI24474,AI201,88,A,Pass
2367,AI24474,AI202,87,A,Pass
2368,AI24474,AI203,98,A+,Pass
2369,AI24474,AI204,88,A,Pass
2370,AI24474,AI205,99,A+,Pass
2371,ME24475,ME301,40,D,Pass
2372,ME24475,ME302,35,D,Pass
2373,ME24475,ME303,45,D,Pass
2374,ME24475,ME304,49,D,Pass
2375,ME24475,ME305,41,D,Pass
2376,CE24476,CE401,82,A,Pass
2377,CE24476,CE402,72,B+,Pass
2378,CE24476,CE403,82,A,Pass
2379,CE24476,CE404,84,A,Pass
2380,CE24476,CE405,73,B+,Pass
2381,CSE24477,CSE401,60,B,Pass
2382,CSE24477,CSE402,69,B,Pass
2383,CSE24477,CSE403,65,B,Pass
2384,CSE24477,CSE404,50,C,Pass
2385,CSE24477,CSE405,63,B,Pass
2386,ME24478,ME601,93,A+,Pass
2387,ME24478,ME602,94,A+,Pass
2388,ME24478,ME603,86,A,Pass
2389,ME24478,ME604,88,A,Pass
2390,ME24478,ME605,94,A+,Pass
2391,IT24479,IT801,100,A+,Pass
2392,IT24479,IT802,85,A,Pass
2393,IT24479,IT803,94,A+,Pass
2394,IT24479,IT804,89,A,Pass
2395,IT24479,IT805,97,A+,Pass
2396,CE24480,CE501,64,B,Pass
2397,CE24480,CE502,62,B,Pass
2398,CE24480,CE503,58,C,Pass
2399,CE24480,CE504,65,B,Pass
2400,CE24480,CE505,67,B,Pass
2401,IT24481,IT401,1,F,Fail
2402,IT24481,IT402,18,F,Fail
2403,IT24481,IT403,28,F,Fail
2404,IT24481,IT404,6,F,Fail
2405,IT24481,IT405,5,F,Fail
2406,IT24482,IT201,46,D,Pass
2407,IT24482,IT202,49,D,Pass
2408,IT24482,IT203,37,D,Pass
2409,IT24482,IT204,48,D,Pass
2410,IT24482,IT205,35,D,Pass
2411,CE24483,CE701,42,D,Pass
2412,CE24483,CE702,42,D,Pass
2413,CE24483,CE703,48,D,Pass
2414,CE24483,CE704,35,D,Pass
2415,CE24483,CE705,39,D,Pass
2416,CSE24484,CSE701,77,B+,Pass
2417,CSE24484,CSE702,83,A,Pass
2418,CSE24484,CSE703,70,B+,Pass
2419,CSE24484,CSE704,74,B+,Pass
2420,CSE24484,CSE705,75,B+,Pass
2421,AI24485,AI601,93,A+,Pass
2422,AI24485,AI602,98,A+,Pass
2423,AI24485,AI603,99,A+,Pass
2424,AI24485,AI604,87,A,Pass
2425,AI24485,AI605,98,A+,Pass
2426,IT24486,IT201,92,A+,Pass
2427,IT24486,IT202,91,A+,Pass
2428,IT24486,IT203,91,A+,Pass
2429,IT24486,IT204,97,A+,Pass
2430,IT24486,IT205,85,A,Pass
2431,IT24487,IT601,44,D,Pass
2432,IT24487,IT602,46,D,Pass
2433,IT24487,IT603,44,D,Pass
2434,IT24487,IT604,48,D,Pass
2435,IT24487,IT605,36,D,Pass
2436,AI24488,AI701,45,D,Pass
2437,AI24488,AI702,42,D,Pass
2438,AI24488,AI703,48,D,Pass
2439,AI24488,AI704,48,D,Pass
2440,AI24488,AI705,38,D,Pass
2441,CE24489,CE701,54,C,Pass
2442,CE24489,CE702,54,C,Pass
2443,CE24489,CE703,50,C,Pass
2444,CE24489,CE704,55,C,Pass
2445,CE24489,CE705,56,C,Pass
2446,AI24490,AI501,5,F,Fail
2447,AI24490,AI502,0,F,Fail
2448,AI24490,AI503,26,F,Fail
2449,AI24490,AI504,0,F,Fail
2450,AI24490,AI505,33,F,Fail
2451,CE24491,CE601,8,F,Fail
2452,CE24491,CE602,3,F,Fail
2453,CE24491,CE603,18,F,Fail
2454,CE24491,CE604,23,F,Fail
2455,CE24491,CE605,34,F,Fail
2456,CSE24492,CSE801,9,F,Fail
2457,CSE24492,CSE802,16,F,Fail
2458,CSE24492,CSE803,2,F,Fail
2459,CSE24492,CSE804,13,F,Fail
2460,CSE24492,CSE805,27,F,Fail
2461,ME24493,ME801,49,D,Pass
2462,ME24493,ME802,49,D,Pass
2463,ME24493,ME803,39,D,Pass
2464,ME24493,ME804,40,D,Pass
2465,ME24493,ME805,43,D,Pass
2466,ME24494,ME201,52,C,Pass
2467,ME24494,ME202,67,B,Pass
2468,ME24494,ME203,61,B,Pass
2469,ME24494,ME204,53,C,Pass
2470,ME24494,ME205,58,C,Pass
2471,CSE24495,CSE401,63,B,Pass
2472,CSE24495,CSE402,60,B,Pass
2473,CSE24495,CSE403,57,C,Pass
2474,CSE24495,CSE404,69,B,Pass
2475,CSE24495,CSE405,63,B,Pass
2476,CSE24496,CSE301,97,A+,Pass
2477,CSE24496,CSE302,89,A,Pass
2478,CSE24496,CSE303,85,A,Pass
2479,CSE24496,CSE304,89,A,Pass
2480,CSE24496,CSE305,91,A+,Pass
2481,AI24497,AI501,52,C,Pass
2482,AI24497,AI502,58,C,Pass
2483,AI24497,AI503,63,B,Pass
2484,AI24497,AI504,56,C,Pass
2485,AI24497,AI505,59,C,Pass
2486,CSE24498,CSE501,88,A,Pass
2487,CSE24498,CSE502,88,A,Pass
2488,CSE24498,CSE503,85,A,Pass
2489,CSE24498,CSE504,90,A+,Pass
2490,CSE24498,CSE505,94,A+,Pass
2491,ME24499,ME701,41,D,Pass
2492,ME24499,ME702,49,D,Pass
2493,ME24499,ME703,44,D,Pass
2494,ME24499,ME704,38,D,Pass
2495,ME24499,ME705,46,D,Pass
2496,CSE24500,CSE301,24,F,Fail
2497,CSE24500,CSE302,19,F,Fail
2498,CSE24500,CSE303,27,F,Fail
2499,CSE24500,CSE304,21,F,Fail
2500,CSE24500,CSE305,32,F,Fail
